row_type,config,min_stake,agent,season,fit_through,m_replicas,ruin_rate,ruin_rate_ci_lower,ruin_rate_ci_upper,median_final_wealth,p05_final_wealth,p95_final_wealth,mean_roi,prob_min_wealth_le_0_5,prob_min_wealth_le_0_1,min_wealth,median_max_drawdown,floored_bets_share,prob_replica_floored,analytic_expected_roi,se_roi
season,none,0.0,A,2002-03,2000-01,1000,0.0,,,0.12548882388507493,0.015458108673378186,1.2386174184807908,-0.6633852374167334,0.927,0.5,0.0025955760025414077,0.920506616481756,0.0,0.0,,
season,none,0.0,B_0.25,2002-03,2000-01,1000,0.0,,,0.6962984272948178,0.41650985878137514,1.2500114837164953,-0.2506879010494352,0.185,0.0,0.2781762295276331,0.3961287226531337,0.0,0.0,,
season,none,0.0,B_0.10,2002-03,2000-01,1000,0.0,,,0.8762472839228006,0.7127071408588486,1.1086601644777165,-0.10942398786386796,0.0,0.0,0.6076469359541101,0.1756205373047412,0.0,0.0,,
season,gbp_0.01,4.545454545454546e-05,A,2002-03,2000-01,1000,0.0,,,0.1253459872372746,0.015485537619720251,1.2380555693911541,-0.6634549572232593,0.927,0.501,0.0025774196163487325,0.9205400619376672,0.004445887445887446,1.0,,
season,gbp_0.01,4.545454545454546e-05,B_0.25,2002-03,2000-01,1000,0.0,,,0.6959945768212614,0.4164055718906465,1.2497980527522021,-0.25078613434725544,0.185,0.0,0.27810402645103666,0.3962532847798706,0.004329004329004329,1.0,,
season,gbp_0.01,4.545454545454546e-05,B_0.10,2002-03,2000-01,1000,0.0,,,0.8760809473804572,0.7125913865490544,1.1083863756128753,-0.10953080417373898,0.0,0.0,0.607583914214775,0.17578447466227815,0.004329004329004329,1.0,,
season,gbp_0.01,4.545454545454546e-05,E,2002-03,2000-01,1000,0.0,,,0.9995573636363622,0.9985070340909091,1.0007047318181852,-0.0004273831363632744,0.0,0.0,0.9977719545454529,0.0009099636689582913,0.0,0.0,-0.0004573828578949875,2.108295892990459e-05
season,gbp_1,0.004545454545454545,A,2002-03,2000-01,1000,0.14,,,0.11266309637518446,0.001537651256305544,1.1820628238805095,-0.6749668246116944,0.93,0.537,3.714652055094095e-06,0.9293284468288415,0.18861454352488952,1.0,,
season,gbp_1,0.004545454545454545,B_0.25,2002-03,2000-01,1000,0.0,,,0.6790239388433734,0.395805738231818,1.2267879212249786,-0.2713754678495551,0.229,0.0,0.22698282189431357,0.4167095216869931,0.24823376623376622,1.0,,
season,gbp_1,0.004545454545454545,B_0.10,2002-03,2000-01,1000,0.0,,,0.8400554518070293,0.6503686112772318,1.089980819285478,-0.14648138753081447,0.001,0.0,0.49006929058424437,0.21880571534021692,0.5064718614718615,1.0,,
season,gbp_1,0.004545454545454545,E,2002-03,2000-01,1000,0.0,,,0.9557363636363652,0.8507034090909085,1.070473181818178,-0.04273831363636415,0.0,0.0,0.7771954545454561,0.08862150489140302,0.0,0.0,-0.04573828578949875,0.0021082958929849187
season,none,0.0,A,2003-04,2000-01,1000,0.0,,,0.04006783100319326,0.001671298543539067,0.998191429916006,-0.7690972257090202,0.967,0.76,1.805251138333239e-05,0.9789885405295976,0.0,0.0,,
season,none,0.0,B_0.25,2003-04,2000-01,1000,0.0,,,0.6358431830163909,0.29305665755579224,1.4368069676848605,-0.278954683679392,0.396,0.0,0.13321430584743152,0.5128742778995186,0.0,0.0,,
season,none,0.0,B_0.10,2003-04,2000-01,1000,0.0,,,0.8571320869797162,0.6281726487380178,1.1897053762249061,-0.12195760021139333,0.003,0.0,0.4559337071926077,0.2361421973329007,0.0,0.0,,
season,gbp_0.01,4.545454545454546e-05,A,2003-04,2000-01,1000,0.003,,,0.04011640954487161,0.001633504464161657,0.9982091651388215,-0.7691135210215685,0.967,0.76,5.151262214211477e-06,0.9790055943435297,0.01236679187794514,0.565,,
season,gbp_0.01,4.545454545454546e-05,B_0.25,2003-04,2000-01,1000,0.0,,,0.6357478699135313,0.2930394085878912,1.4369325248584883,-0.27899371276614454,0.396,0.0,0.13314042689999417,0.5128697437653413,0.00012313432835820895,0.032,,
season,gbp_0.01,4.545454545454546e-05,B_0.10,2003-04,2000-01,1000,0.0,,,0.8570301558165843,0.6280707799976842,1.1896563554383448,-0.12200172896900804,0.003,0.0,0.4558210218287253,0.2362361154483531,0.0007798507462686567,0.209,,
season,gbp_0.01,4.545454545454546e-05,E,2003-04,2000-01,1000,0.0,,,0.9995957954545456,0.9984046022727251,1.0009461181818193,-0.0003566604999995341,0.0,0.0,0.9974004090909071,0.0009817649693548147,0.0,0.0,-0.00035310750499247017,2.455525400420143e-05
season,gbp_1,0.004545454545454545,A,2003-04,2000-01,1000,0.445,,,0.0244398595668803,0.0006146690917556646,0.9661851122130767,-0.7770157627535654,0.967,0.771,8.604029530179247e-06,0.9910702455310563,0.2285025604723993,1.0,,
season,gbp_1,0.004545454545454545,B_0.25,2003-04,2000-01,1000,0.0,,,0.6264396871912712,0.272570815079575,1.4060021583622695,-0.29136502955102633,0.416,0.002,0.031076630555558066,0.5179557015858953,0.2459626865671642,1.0,,
season,gbp_1,0.004545454545454545,B_0.10,2003-04,2000-01,1000,0.0,,,0.8380037226344567,0.5807875246059042,1.1816114819933814,-0.14563434456582844,0.017,0.0,0.30614767410944077,0.2618956507253426,0.44238432835820896,1.0,,
season,gbp_1,0.004545454545454545,E,2003-04,2000-01,1000,0.0,,,0.9595795454545453,0.8404602272727294,1.094611818181817,-0.03566605000000051,0.0,0.0,0.7400409090909111,0.09599996781431963,0.0,0.0,-0.03531075049924703,0.002455525400414209
season,none,0.0,A,2004-05,2000-01,1000,0.0,,,0.014860106778965588,0.00010572536584317296,0.7358565179159412,-0.7939993214972004,0.986,0.861,2.508750073201111e-06,0.9927598441346082,0.0,0.0,,
season,none,0.0,B_0.25,2004-05,2000-01,1000,0.0,,,0.6041538597832585,0.24466251929247895,1.4728635323444284,-0.29765430921704794,0.469,0.0,0.12958851845480063,0.5532930236453757,0.0,0.0,,
season,none,0.0,B_0.10,2004-05,2000-01,1000,0.0,,,0.8479872671721066,0.58830947732837,1.2139039112829222,-0.13100106889050006,0.006,0.0,0.45566719194597627,0.26060443740123485,0.0,0.0,,
season,gbp_0.01,4.545454545454546e-05,A,2004-05,2000-01,1000,0.017,,,0.014804274911224834,6.649790829752854e-05,0.7352050232121624,-0.7940317018135873,0.986,0.861,1.2592978763599605e-06,0.9927785230947392,0.026588074060689946,0.954,,
season,gbp_0.01,4.545454545454546e-05,B_0.25,2004-05,2000-01,1000,0.0,,,0.6042550460328571,0.24448715341566385,1.4726052945480566,-0.29769171996747773,0.469,0.0,0.12973689174822992,0.5533316081863436,0.009766101694915255,0.999,,
season,gbp_0.01,4.545454545454546e-05,B_0.10,2004-05,2000-01,1000,0.0,,,0.847901116949357,0.5882318121709242,1.2140079232838699,-0.13104335594308544,0.006,0.0,0.4558819614034879,0.2607106757329045,0.01511864406779661,1.0,,
season,gbp_0.01,4.545454545454546e-05,E,2004-05,2000-01,1000,0.0,,,0.9996731818181819,0.9983904318181797,1.0009540159090944,-0.00032759227272642324,0.0,0.0,0.9974818181818161,0.0009487717318694688,0.0,0.0,-0.00032890699465981996,2.4557217258108184e-05
season,gbp_1,0.004545454545454545,A,2004-05,2000-01,1000,0.536,,,0.003719877764494401,0.0004286696026934679,0.7237484890145442,-0.7987637511406877,0.986,0.866,2.386867642482221e-06,0.9969447685569739,0.24400254972392346,1.0,,
season,gbp_1,0.004545454545454545,B_0.25,2004-05,2000-01,1000,0.0,,,0.5941854688344785,0.2161545185588887,1.4969618310623827,-0.3112262607293834,0.493,0.005,0.03785883607147458,0.5681430928388099,0.2670949152542373,1.0,,
season,gbp_1,0.004545454545454545,B_0.10,2004-05,2000-01,1000,0.0,,,0.8237008361429992,0.5398614292823564,1.2205304749190038,-0.1550540626275101,0.04,0.0,0.3603589425303338,0.2927217725075311,0.43149830508474574,1.0,,
season,gbp_1,0.004545454545454545,E,2004-05,2000-01,1000,0.0,,,0.967318181818182,0.839043181818184,1.0954015909090875,-0.03275922727272801,0.0,0.0,0.7481818181818204,0.09225023048108422,0.0,0.0,-0.032890699465982005,0.0024557217258046387
season,none,0.0,A,2005-06,2000-01,1000,0.0,,,0.02145454436529121,0.0005396644348033791,0.6363748930760563,-0.7133054692411774,0.985,0.845,1.9858673928372494e-05,0.9906685143722622,0.0,0.0,,
season,none,0.0,B_0.25,2005-06,2000-01,1000,0.0,,,0.6020877446483694,0.24021128759468577,1.4143913849058698,-0.30231738649492934,0.483,0.0,0.10381073769592607,0.568237664230387,0.0,0.0,,
season,none,0.0,B_0.10,2005-06,2000-01,1000,0.0,,,0.8453078887390479,0.5840491602550463,1.2054288182262949,-0.13432516873406264,0.005,0.0,0.4156675581883819,0.27051552412297303,0.0,0.0,,
season,gbp_0.01,4.545454545454546e-05,A,2005-06,2000-01,1000,0.016,,,0.021426406624263237,0.0005138728447437597,0.6359165347460944,-0.7133231092069006,0.985,0.845,6.815805880741203e-07,0.9906549344247342,0.013628160078754153,0.46,,
season,gbp_0.01,4.545454545454546e-05,B_0.25,2005-06,2000-01,1000,0.0,,,0.6021990986476633,0.2401933145504824,1.414474236855062,-0.30234537138151085,0.483,0.0,0.10386212182582638,0.5682095386373,3.4129692832764506e-06,0.001,,
season,gbp_0.01,4.545454545454546e-05,B_0.10,2005-06,2000-01,1000,0.0,,,0.845296361792029,0.5840005085835782,1.2053730189883347,-0.13435617220293022,0.005,0.0,0.41570675218957664,0.27055749672719076,0.0021569965870307166,0.631,,
season,gbp_0.01,4.545454545454546e-05,E,2005-06,2000-01,1000,0.0,,,0.9995368181818166,0.9981030454545431,1.0010930000000067,-0.0004149913636354283,0.0,0.0,0.9972554545454523,0.0011596220743784746,0.0,0.0,-0.00034883873684106063,2.9650707825077795e-05
season,gbp_1,0.004545454545454545,A,2005-06,2000-01,1000,0.568,,,0.003978180480460777,0.0004697578026709222,0.6382931024933939,-0.7185645232142516,0.986,0.849,3.6368680425610117e-06,0.9965288071756673,0.2184246028928364,1.0,,
season,gbp_1,0.004545454545454545,B_0.25,2005-06,2000-01,1000,0.0,,,0.5897768480962775,0.2179896225341013,1.44008530761616,-0.31506783801763605,0.508,0.004,0.03459191923939687,0.5755044293571925,0.23208191126279865,1.0,,
season,gbp_1,0.004545454545454545,B_0.10,2005-06,2000-01,1000,0.0,,,0.8144753315066285,0.5217560994405593,1.2201330781231121,-0.16133852997087125,0.048,0.0,0.3171574223826655,0.29541942412079614,0.4289180887372014,1.0,,
season,gbp_1,0.004545454545454545,E,2005-06,2000-01,1000,0.0,,,0.9536818181818197,0.8103045454545478,1.1092999999999935,-0.041499136363637217,0.0,0.0,0.7255454545454569,0.11331304959337102,0.0,0.0,-0.034883873684106045,0.002965070782500584
season,none,0.0,A,2006-07,2000-01,1000,0.0,,,0.01858554305651934,0.0004962908321051287,0.7368967263155058,-0.7553437266142465,0.971,0.862,3.0108794816421708e-05,0.9902553952832126,0.0,0.0,,
season,none,0.0,B_0.25,2006-07,2000-01,1000,0.0,,,0.5798568341727561,0.23916316310125824,1.4662517243115278,-0.31990321263639343,0.508,0.0,0.13382851547135186,0.5624553917823155,0.0,0.0,,
season,none,0.0,B_0.10,2006-07,2000-01,1000,0.0,,,0.8313067776638166,0.5819666046270094,1.2170165280793916,-0.14377170829001665,0.008,0.0,0.462839984283915,0.2666830622783578,0.0,0.0,,
season,gbp_0.01,4.545454545454546e-05,A,2006-07,2000-01,1000,0.022,,,0.018751209930169745,0.00041435383624329754,0.7366777028084356,-0.7553525515100307,0.971,0.862,5.580972347814079e-07,0.9902554850952334,0.02595820479921378,0.849,,
season,gbp_0.01,4.545454545454546e-05,B_0.25,2006-07,2000-01,1000,0.0,,,0.5798667051028474,0.23902481061493963,1.4662100859953529,-0.3199254071837188,0.509,0.0,0.13393116625505064,0.5624990300128632,0.0033333333333333335,0.872,,
season,gbp_0.01,4.545454545454546e-05,B_0.10,2006-07,2000-01,1000,0.0,,,0.8313351936010844,0.5820612411177577,1.2173302288938985,-0.14379895712266053,0.008,0.0,0.4628667726001118,0.2666911967469854,0.007360544217687075,1.0,,
season,gbp_0.01,4.545454545454546e-05,E,2006-07,2000-01,1000,0.0,,,0.9996059090909111,0.998356840909089,1.001297204545459,-0.0003396763636355773,0.0,0.0,0.9974227272727252,0.0010846741088409995,0.0,0.0,-0.0003189622701057372,2.78941248699195e-05
season,gbp_1,0.004545454545454545,A,2006-07,2000-01,1000,0.581,,,0.004024823769898514,0.00043877615883944414,0.7585762450476995,-0.7596289753849106,0.971,0.867,1.0741664974028842e-06,0.9965699880849648,0.23989718691989148,1.0,,
season,gbp_1,0.004545454545454545,B_0.25,2006-07,2000-01,1000,0.0,,,0.5721503358447186,0.2085644336465974,1.4876743472581917,-0.33321323232631295,0.529,0.009,0.030140849964589305,0.5691647795548916,0.25871428571428573,1.0,,
season,gbp_1,0.004545454545454545,B_0.10,2006-07,2000-01,1000,0.0,,,0.8111844765238716,0.5276515218519232,1.225239200563777,-0.1694952069681006,0.045,0.0,0.3358816304214706,0.29424066148063377,0.4498673469387755,1.0,,
season,gbp_1,0.004545454545454545,E,2006-07,2000-01,1000,0.0,,,0.9605909090909073,0.8356840909090929,1.12972045454545,-0.03396763636363709,0.0,0.0,0.7422727272727294,0.10535227527095159,0.0,0.0,-0.031896227010573715,0.002789412486985586
season,none,0.0,A,2007-08,2000-01,1000,0.0,,,0.009048649572455271,0.00011750964958667357,0.6464091780811815,-0.7443526517826559,0.983,0.905,9.959270520154596e-07,0.996266496837008,0.0,0.0,,
season,none,0.0,B_0.25,2007-08,2000-01,1000,0.0,,,0.6037429213541141,0.21399165842118953,1.633961401379392,-0.26791724041112164,0.53,0.004,0.07781856851929618,0.5917977985948277,0.0,0.0,,
season,none,0.0,B_0.10,2007-08,2000-01,1000,0.0,,,0.8571019555795508,0.5611947205317771,1.2886772620251818,-0.11428742531907714,0.021,0.0,0.3797022116190373,0.2821594588919906,0.0,0.0,,
season,gbp_0.01,4.545454545454546e-05,A,2007-08,2000-01,1000,0.062,,,0.00904434601778422,3.3003058826834e-05,0.6466738132898676,-0.7443857467463233,0.983,0.905,6.419656111131863e-08,0.9962694980484692,0.02825718736539377,0.525,,
season,gbp_0.01,4.545454545454546e-05,B_0.25,2007-08,2000-01,1000,0.0,,,0.6037370469780388,0.21397996205887998,1.6338812727670475,-0.267935333557689,0.53,0.004,0.07784420682565614,0.5918167336822299,9.49367088607595e-06,0.003,,
season,gbp_0.01,4.545454545454546e-05,B_0.10,2007-08,2000-01,1000,0.0,,,0.8571534037335453,0.5610700040115291,1.2885972919962643,-0.11430556266000821,0.021,0.0,0.37973945376935186,0.2821984905657569,0.0,0.0,,
season,gbp_0.01,4.545454545454546e-05,E,2007-08,2000-01,1000,0.0,,,0.9997463636363643,0.9982277727272706,1.001519136363642,-0.0002001422727262434,0.0,0.0,0.9972154545454526,0.001094711403011872,0.0,0.0,-0.00025075796966394414,3.168380990182315e-05
season,gbp_1,0.004545454545454545,A,2007-08,2000-01,1000,0.645,,,0.003570148266425777,0.0005249821370969988,0.6144457154916976,-0.7501600619372295,0.983,0.906,9.037614025190002e-06,0.9971971512199442,0.22372963666063309,1.0,,
season,gbp_1,0.004545454545454545,B_0.25,2007-08,2000-01,1000,0.001,,,0.5966354269667382,0.18982902432655543,1.6200586674582584,-0.2793323378767171,0.547,0.021,0.00013372226934560416,0.6056897482990671,0.24602009102360411,1.0,,
season,gbp_1,0.004545454545454545,B_0.10,2007-08,2000-01,1000,0.0,,,0.8389904620863033,0.5137035018456475,1.3014115538078206,-0.13288925890637984,0.06,0.0,0.2906788973483783,0.3122054014257623,0.4208164556962025,1.0,,
season,gbp_1,0.004545454545454545,E,2007-08,2000-01,1000,0.0,,,0.9746363636363633,0.822777272727275,1.151913636363631,-0.02001422727272815,0.0,0.0,0.7215454545454566,0.10520043886277602,0.0,0.0,-0.02507579696639441,0.003168380990175636
season,none,0.0,A,2008-09,2000-01,1000,0.0,,,0.013111510029729613,8.576365708012493e-05,0.7753031326550054,-0.43946099442731834,0.979,0.866,3.2465220527020414e-07,0.9949085905352764,0.0,0.0,,
season,none,0.0,B_0.25,2008-09,2000-01,1000,0.0,,,0.6165181529468826,0.22888169522091217,1.6933324050165026,-0.24577118270790674,0.487,0.0,0.11291666352322989,0.5798783221394035,0.0,0.0,,
season,none,0.0,B_0.10,2008-09,2000-01,1000,0.0,,,0.8609009025021989,0.5765514485950621,1.2899885379060405,-0.10781092991654717,0.011,0.0,0.4317856385186947,0.276774166492772,0.0,0.0,,
season,gbp_0.01,4.545454545454546e-05,A,2008-09,2000-01,1000,0.054,,,0.013072221554765805,2.8119633938321728e-05,0.7757345879690315,-0.43946229919402485,0.979,0.866,9.140435963831141e-07,0.9948647468682805,0.02542713267585717,0.447,,
season,gbp_0.01,4.545454545454546e-05,B_0.25,2008-09,2000-01,1000,0.0,,,0.6164873981307776,0.2287757720092292,1.6931037416048376,-0.2457827313275384,0.487,0.0,0.11285728098050027,0.5799331830767323,0.0,0.0,,
season,gbp_0.01,4.545454545454546e-05,B_0.10,2008-09,2000-01,1000,0.0,,,0.8608506998110672,0.5765204464216975,1.2898141169013255,-0.1078246980778673,0.011,0.0,0.43173034141409933,0.2768480489384495,0.0,0.0,,
season,gbp_0.01,4.545454545454546e-05,E,2008-09,2000-01,1000,0.0,,,0.9997225000000015,0.9983663409090888,1.001240090909096,-0.00024417954545334066,0.0,0.0,0.9974368181818162,0.0010438882634542512,0.0,0.0,-0.00022494741012860065,2.8321725177262914e-05
season,gbp_1,0.004545454545454545,A,2008-09,2000-01,1000,0.616,,,0.0035179354382503707,0.00036155024041013346,0.7877901594814397,-0.44326429636547304,0.979,0.868,5.425621301423378e-06,0.9973127710244104,0.204546650298141,0.988,,
season,gbp_1,0.004545454545454545,B_0.25,2008-09,2000-01,1000,0.0,,,0.6141877222440006,0.20374495574632057,1.7016570817929824,-0.2512526718691251,0.489,0.011,0.03135218130882642,0.5869553848198956,0.24786038961038961,1.0,,
season,gbp_1,0.004545454545454545,B_0.10,2008-09,2000-01,1000,0.0,,,0.8472790386445632,0.5322961259484537,1.2999517121155566,-0.12126094947464491,0.049,0.0,0.3330536568805286,0.2956842073269892,0.4604577922077922,1.0,,
season,gbp_1,0.004545454545454545,E,2008-09,2000-01,1000,0.0,,,0.9722499999999987,0.836634090909093,1.124009090909086,-0.024417954545455662,0.0,0.0,0.7436818181818202,0.09934031909760882,0.0,0.0,-0.022494741012860055,0.0028321725177196323
season,none,0.0,A,2009-10,2000-01,1000,0.0,,,0.0021116626298007058,1.2530487245748548e-05,0.34171714290051647,-0.8607049553332745,0.991,0.948,2.075075354515793e-07,0.9991947033032267,0.0,0.0,,
season,none,0.0,B_0.25,2009-10,2000-01,1000,0.0,,,0.5238323125175062,0.15259940171118877,1.9388112609488712,-0.2862089907787119,0.638,0.013,0.06251489890909064,0.6741822388345587,0.0,0.0,,
season,none,0.0,B_0.10,2009-10,2000-01,1000,0.0,,,0.828665147944871,0.4978908317150845,1.4275075688739962,-0.12476147715476671,0.074,0.0,0.3485266393915029,0.3379920069419139,0.0,0.0,,
season,gbp_0.01,4.545454545454546e-05,A,2009-10,2000-01,1000,0.22,,,0.0021132599523057422,8.56986153601877e-06,0.34168769081251793,-0.8607156674760872,0.991,0.948,3.415729608397997e-07,0.9991992643161036,0.05773430944923749,0.887,,
season,gbp_0.01,4.545454545454546e-05,B_0.25,2009-10,2000-01,1000,0.0,,,0.5237409281778218,0.1526101426371401,1.9388461188241894,-0.28621925903120027,0.638,0.013,0.06259936344459041,0.6742148073202625,0.0021164179104477612,0.709,,
season,gbp_0.01,4.545454545454546e-05,B_0.10,2009-10,2000-01,1000,0.0,,,0.8286037283267631,0.4979040980763549,1.4275175387036303,-0.12477337589139191,0.074,0.0,0.3486281032594622,0.3380087170624559,0.0029791044776119402,0.998,,
season,gbp_0.01,4.545454545454546e-05,E,2009-10,2000-01,1000,0.0,,,0.9996415909090892,0.9981849999999988,1.0015737954545505,-0.0002620427272713999,0.0,0.0,0.9968199999999975,0.0012059090909105064,0.0,0.0,-0.0002495180513275593,3.249983308118368e-05
season,gbp_1,0.004545454545454545,A,2009-10,2000-01,1000,0.813,,,0.002891231163417703,0.0003809013304710667,0.355936540768867,-0.8643301313428767,0.99,0.947,6.100316636437758e-07,0.9980159255486696,0.2401342766229648,1.0,,
season,gbp_1,0.004545454545454545,B_0.25,2009-10,2000-01,1000,0.011,,,0.5190639802074294,0.11385386543605826,1.943580422117133,-0.295301351014653,0.636,0.06,0.0009526684285039739,0.6818473305872329,0.23978703676008734,1.0,,
season,gbp_1,0.004545454545454545,B_0.10,2009-10,2000-01,1000,0.0,,,0.8211977471631898,0.45215060363508774,1.4548435812044507,-0.13923516217801085,0.125,0.0,0.21940231603848653,0.3553680810105826,0.39034328358208953,1.0,,
season,gbp_1,0.004545454545454545,E,2009-10,2000-01,1000,0.0,,,0.9641590909090926,0.8185000000000011,1.1573795454545404,-0.026204272727273988,0.0,0.0,0.6820000000000024,0.11646083241276117,0.0,0.0,-0.02495180513275593,0.003249983308110732
season,none,0.0,A,2011-12,2010-11,1000,0.0,,,0.0063467411779041995,8.284169637996254e-05,0.4591989517783232,-0.6094727904646086,0.991,0.923,5.596418356734285e-06,0.9975284731285627,0.0,0.0,,
season,none,0.0,B_0.25,2011-12,2010-11,1000,0.0,,,0.5713213134625953,0.18882202653091254,1.7305617352910692,-0.2651091821765065,0.579,0.004,0.08298092261873917,0.6331777195099629,0.0,0.0,,
season,none,0.0,B_0.10,2011-12,2010-11,1000,0.0,,,0.8453461501523192,0.5388324469155586,1.3380322526000086,-0.11295509270698491,0.043,0.0,0.38214075412068055,0.31088109941017705,0.0,0.0,,
season,gbp_0.01,4.545454545454546e-05,A,2011-12,2010-11,1000,0.105,,,0.006390700092983426,1.7878576703010464e-05,0.45910149875021194,-0.609482106684231,0.991,0.923,2.2817846388014696e-07,0.9975299573966707,0.05137708791930121,0.782,,
season,gbp_0.01,4.545454545454546e-05,B_0.25,2011-12,2010-11,1000,0.0,,,0.571315973953463,0.18875329542037894,1.7303294372413474,-0.26511181542711826,0.579,0.004,0.08298518791677513,0.6331959025576196,0.0005492537313432835,0.082,,
season,gbp_0.01,4.545454545454546e-05,B_0.10,2011-12,2010-11,1000,0.0,,,0.8452278118072103,0.5388708519453804,1.3378816073826336,-0.11295982988756159,0.043,0.0,0.3820898889008694,0.31093418370385556,0.00039104477611940296,0.076,,
season,gbp_0.01,4.545454545454546e-05,E,2011-12,2010-11,1000,0.0,,,0.9997406818181813,0.9982458636363614,1.0014070681818201,-0.0002298690909078621,0.0,0.0,0.9971381818181794,0.0011269294124267581,0.0,0.0,-0.0002447541551930475,3.038549972753647e-05
season,gbp_1,0.004545454545454545,A,2011-12,2010-11,1000,0.732,,,0.0030663590346881537,0.0003066099604634256,0.4522532262553638,-0.5935506763638049,0.991,0.923,4.46362003884114e-06,0.9979030637505238,0.26677188756132114,1.0,,
season,gbp_1,0.004545454545454545,B_0.25,2011-12,2010-11,1000,0.004,,,0.5598536013339453,0.16115241846266987,1.7171000267876744,-0.27535408298987596,0.584,0.03,0.0010107115508139197,0.6370118011268602,0.29591644683972,1.0,,
season,gbp_1,0.004545454545454545,B_0.10,2011-12,2010-11,1000,0.0,,,0.8293949712870498,0.48190841248268107,1.3395262268257107,-0.13281284536946356,0.087,0.0,0.21809461310082023,0.33041287553792986,0.48627462686567163,1.0,,
season,gbp_1,0.004545454545454545,E,2011-12,2010-11,1000,0.0,,,0.9740681818181824,0.824586363636366,1.1407068181818163,-0.02298690909091021,0.0,0.0,0.7138181818181842,0.10749154227201324,0.0,0.0,-0.024475415519304745,0.0030385499727466412
season,none,0.0,A,2012-13,2010-11,1000,0.0,,,0.013924064884821254,0.00019685395010050742,1.057304551116005,-0.5524562203197266,0.984,0.859,2.6460984172528004e-06,0.9950737171762898,0.0,0.0,,
season,none,0.0,B_0.25,2012-13,2010-11,1000,0.0,,,0.6483743051129068,0.23501763979354717,1.9502401420897184,-0.17809103099753443,0.49,0.001,0.06927588202664162,0.5770482858804235,0.0,0.0,,
season,none,0.0,B_0.10,2012-13,2010-11,1000,0.0,,,0.8838713125291745,0.5825275814259169,1.3912470051736923,-0.0776987478636363,0.017,0.0,0.3550607760266287,0.27404655517015863,0.0,0.0,,
season,gbp_0.01,4.545454545454546e-05,A,2012-13,2010-11,1000,0.048,,,0.013927398125008273,3.9823726277158444e-05,1.0569279514649097,-0.5524404424409713,0.984,0.859,2.1009587451878105e-06,0.9950769709158698,0.02254088202732996,0.832,,
season,gbp_0.01,4.545454545454546e-05,B_0.25,2012-13,2010-11,1000,0.0,,,0.6484503547352185,0.23494448823363312,1.950373489899548,-0.1780938920244145,0.49,0.001,0.06928131488362438,0.577074037684405,0.0027185792349726776,0.995,,
season,gbp_0.01,4.545454545454546e-05,B_0.10,2012-13,2010-11,1000,0.0,,,0.8838967885004425,0.5826352710029999,1.3913579691552678,-0.07770362521828598,0.017,0.0,0.3550531260678532,0.2740193181373459,0.00273224043715847,1.0,,
season,gbp_0.01,4.545454545454546e-05,E,2012-13,2010-11,1000,0.0,,,0.9998070454545434,0.9983581363636342,1.0013291136363696,-0.00014975272727128674,0.0,0.0,0.9970549999999978,0.0009663070696008247,0.0,0.0,-0.00017841571209109507,2.87539181630617e-05
season,gbp_1,0.004545454545454545,A,2012-13,2010-11,1000,0.606,,,0.0036806803801612458,0.0003901295938369142,1.1103545032881708,-0.5553461952727372,0.985,0.863,2.1400369289707732e-05,0.9970957695830087,0.2177284091268711,1.0,,
season,gbp_1,0.004545454545454545,B_0.25,2012-13,2010-11,1000,0.0,,,0.6427579103784609,0.223295008198867,1.9099107227483434,-0.18493139745355558,0.497,0.007,0.0171050170785948,0.582173244340215,0.25337158469945353,1.0,,
season,gbp_1,0.004545454545454545,B_0.10,2012-13,2010-11,1000,0.0,,,0.8653254033085049,0.5516196996727155,1.3960962540546902,-0.09351939158448873,0.049,0.0,0.32575694002037114,0.2958189159250346,0.499396174863388,1.0,,
season,gbp_1,0.004545454545454545,E,2012-13,2010-11,1000,0.0,,,0.9807045454545471,0.8358136363636386,1.1329113636363577,-0.014975272727274032,0.0,0.0,0.7055000000000022,0.09246449439168841,0.0,0.0,-0.017841571209109498,0.0028753918162986616
season,none,0.0,A,2013-14,2010-11,1000,0.0,,,0.0007611989437056032,2.5703385229775895e-06,0.2609553637518971,-0.8897876601376963,0.992,0.965,7.981007191691847e-09,0.9997035069763325,0.0,0.0,,
season,none,0.0,B_0.25,2013-14,2010-11,1000,0.0,,,0.5082281432026277,0.14217037116211792,2.142859901982757,-0.2423914241510397,0.66,0.022,0.054772052480340415,0.6955260561032655,0.0,0.0,,
season,none,0.0,B_0.10,2013-14,2010-11,1000,0.0,,,0.8321710473626109,0.4954480502674056,1.4956087429125364,-0.10203325667092675,0.093,0.0,0.33512819381831915,0.35294067065946155,0.0,0.0,,
season,gbp_0.01,4.545454545454546e-05,A,2013-14,2010-11,1000,0.341,,,0.0007652434510517405,6.33484497646103e-06,0.2609553637518971,-0.8898418289027318,0.992,0.965,9.100246836081879e-08,0.9997258495813331,0.05766403770767221,0.839,,
season,gbp_0.01,4.545454545454546e-05,B_0.25,2013-14,2010-11,1000,0.0,,,0.5082122945510192,0.14218006373869654,2.1430043437087978,-0.24239355812928906,0.66,0.022,0.05477042029402618,0.6955260561032653,0.0026954177897574125,1.0,,
season,gbp_0.01,4.545454545454546e-05,B_0.10,2013-14,2010-11,1000,0.0,,,0.8321928231392874,0.49549661237218867,1.495552175725502,-0.10203523094317458,0.093,0.0,0.3351149212682914,0.35294067065946133,0.0026954177897574125,1.0,,
season,gbp_0.01,4.545454545454546e-05,E,2013-14,2010-11,1000,0.0,,,0.999741363636364,0.9983251363636341,1.0016392727272792,-0.00015725954545330067,0.0,0.0,0.9971249999999977,0.0010675775958750022,0.0,0.0,-0.0001105680349949447,3.230283886352081e-05
season,gbp_1,0.004545454545454545,A,2013-14,2010-11,1000,0.861,,,0.0028453639828144427,0.00038093007185231004,0.2646928362201966,-0.9008728795105889,0.992,0.965,3.243435538920897e-06,0.9982551316702173,0.207461270075603,1.0,,
season,gbp_1,0.004545454545454545,B_0.25,2013-14,2010-11,1000,0.007,,,0.5057160708707698,0.13214564781835073,2.1132163411130005,-0.24870967350221848,0.661,0.046,0.0004966710334426347,0.6964556299942265,0.215458840789204,1.0,,
season,gbp_1,0.004545454545454545,B_0.10,2013-14,2010-11,1000,0.0,,,0.8212316730367187,0.47190786807358603,1.5138008688001423,-0.11273317348372044,0.122,0.0,0.24330713494008607,0.36442343295277485,0.3703908355795148,1.0,,
season,gbp_1,0.004545454545454545,E,2013-14,2010-11,1000,0.0,,,0.9741363636363629,0.8325136363636385,1.1639272727272665,-0.015725954545455684,0.0,0.0,0.7125000000000024,0.10243798686732664,0.0,0.0,-0.011056803499494469,0.003230283886345064
season,none,0.0,A,2014-15,2010-11,1000,0.0,,,0.015328329732929372,0.00021100493406626703,1.2948973874150582,0.2775637378589124,0.978,0.866,2.6339279361360496e-06,0.9951122887090854,0.0,0.0,,
season,none,0.0,B_0.25,2014-15,2010-11,1000,0.0,,,0.6893344690604364,0.24040453890868113,2.0468626403391053,-0.14565860403491385,0.472,0.002,0.08463057162821842,0.5739780272341416,0.0,0.0,,
season,none,0.0,B_0.10,2014-15,2010-11,1000,0.0,,,0.9040352699410665,0.5914552843793,1.414875837138672,-0.06402827421682793,0.016,0.0,0.3888813485629974,0.27233722159925744,0.0,0.0,,
season,gbp_0.01,4.545454545454546e-05,A,2014-15,2010-11,1000,0.058,,,0.015341604260662405,3.643820263862655e-05,1.2948668583222778,0.2775102423107004,0.978,0.866,3.8281483458249544e-07,0.9950964343705526,0.02979038129488491,0.619,,
season,gbp_0.01,4.545454545454546e-05,B_0.25,2014-15,2010-11,1000,0.0,,,0.6893727749485727,0.24039530026714565,2.046767724067254,-0.1456574834823464,0.472,0.002,0.08461025646268809,0.5739780272341415,1.0869565217391305e-05,0.004,,
season,gbp_0.01,4.545454545454546e-05,B_0.10,2014-15,2010-11,1000,0.0,,,0.9041482834735305,0.5914261493221675,1.4148030457118246,-0.06402750015468697,0.016,0.0,0.3888580391769029,0.27230928810472127,0.0,0.0,,
season,gbp_0.01,4.545454545454546e-05,E,2014-15,2010-11,1000,0.0,,,0.99984431818182,0.9985581818181808,1.0014370000000052,-0.00011735090908969514,0.0,0.0,0.9968859090909067,0.0009398363868105553,0.0,0.0,-0.00011178252830327147,2.723606825210993e-05
season,gbp_1,0.004545454545454545,A,2014-15,2010-11,1000,0.633,,,0.0036921205173474376,0.0003948102765044389,1.3291783349901716,0.2755349100808803,0.979,0.871,1.310579562022532e-06,0.9971729664099074,0.20898155751348232,1.0,,
season,gbp_1,0.004545454545454545,B_0.25,2014-15,2010-11,1000,0.003,,,0.689851592501862,0.21821988295935213,2.0301835407589364,-0.15154422233763512,0.478,0.013,0.002143401446654085,0.5790950234512121,0.21657058521351283,1.0,,
season,gbp_1,0.004545454545454545,B_0.10,2014-15,2010-11,1000,0.0,,,0.888635235130802,0.5457023080311381,1.4279499697983156,-0.07457595241959551,0.035,0.0,0.29219314995908124,0.2857655327905206,0.44247282608695654,1.0,,
season,gbp_1,0.004545454545454545,E,2014-15,2010-11,1000,0.0,,,0.9844318181818168,0.8558181818181838,1.1436999999999946,-0.011735090909092093,0.0,0.0,0.6885909090909115,0.09010286235567261,0.0,0.0,-0.011178252830327142,0.002723606825205
season,none,0.0,A,2015-16,2010-11,1000,0.0,,,0.003255577024703208,6.205958781592349e-06,0.6175179408262893,-0.5164211661420288,0.988,0.929,1.5324765820380835e-08,0.9989434007882514,0.0,0.0,,
season,none,0.0,B_0.25,2015-16,2010-11,1000,0.0,,,0.6281322779183194,0.19481991461298925,1.9800237264458378,-0.1824829897560934,0.536,0.009,0.06995004750280759,0.6230378222158359,0.0,0.0,,
season,none,0.0,B_0.10,2015-16,2010-11,1000,0.0,,,0.8849945052568382,0.5525802633978097,1.4109820798236818,-0.07441374844603518,0.033,0.0,0.36436649337840216,0.30143554013535173,0.0,0.0,,
season,gbp_0.01,4.545454545454546e-05,A,2015-16,2010-11,1000,0.185,,,0.003255978916524067,1.293056109629059e-05,0.6174275105581617,-0.5164325564463677,0.988,0.929,1.2163444494682257e-07,0.9989475961248597,0.03822697003329634,0.696,,
season,gbp_0.01,4.545454545454546e-05,B_0.25,2015-16,2010-11,1000,0.0,,,0.6280812165798882,0.19480507985360862,1.980194551734698,-0.1824858167505375,0.536,0.009,0.06994139434707744,0.6230467732144104,0.0021586021505376344,0.644,,
season,gbp_0.01,4.545454545454546e-05,B_0.10,2015-16,2010-11,1000,0.0,,,0.8849369199140147,0.5525227868725961,1.4111973488302512,-0.07441634931727675,0.033,0.0,0.3643600744626463,0.3014008195002204,0.005266129032258065,1.0,,
season,gbp_0.01,4.545454545454546e-05,E,2015-16,2010-11,1000,0.0,,,0.9998563636363643,0.9986605681818173,1.0012491363636424,-0.00012503909090780797,0.0,0.0,0.9973340909090885,0.0009028443605882952,0.0,0.0,-0.00011703784006510206,2.505458506489514e-05
season,gbp_1,0.004545454545454545,A,2015-16,2010-11,1000,0.746,,,0.0031821211818181955,0.0003720618289934831,0.6111905204447254,-0.5162263709066703,0.988,0.929,6.000866952828032e-07,0.9979658080787979,0.20964171129325687,1.0,,
season,gbp_1,0.004545454545454545,B_0.25,2015-16,2010-11,1000,0.002,,,0.622631261570594,0.18164320241902357,2.008167283643861,-0.18513742260159535,0.542,0.017,0.0011989059874722152,0.6285699351419716,0.2197087436072556,1.0,,
season,gbp_1,0.004545454545454545,B_0.10,2015-16,2010-11,1000,0.0,,,0.877963398055873,0.5218642217328205,1.423042995432135,-0.08317146057029509,0.057,0.0,0.3026642160791545,0.3184889742906273,0.40856989247311826,1.0,,
season,gbp_1,0.004545454545454545,E,2015-16,2010-11,1000,0.0,,,0.9856363636363631,0.8660568181818192,1.1249136363636303,-0.012503909090910221,0.0,0.0,0.7334090909090933,0.08647875268528493,0.0,0.0,-0.011703784006510202,0.0025054585064829067
season,none,0.0,A,2016-17,2010-11,1000,0.0,,,0.0004658645961954043,7.777044176420559e-07,0.3469513806180949,0.09918907656598458,0.988,0.962,1.0214159436881352e-08,0.9998622704462726,0.0,0.0,,
season,none,0.0,B_0.25,2016-17,2010-11,1000,0.0,,,0.5500462401993729,0.12691690212377033,2.8497790064026094,-0.10667233087871648,0.663,0.035,0.03689110910428284,0.7051771751501744,0.0,0.0,,
season,none,0.0,B_0.10,2016-17,2010-11,1000,0.0,,,0.8642739109662847,0.47009977506091816,1.6964084657296707,-0.06255529103184984,0.096,0.0,0.2841891441542941,0.3592251493268489,0.0,0.0,,
season,gbp_0.01,4.545454545454546e-05,A,2016-17,2010-11,1000,0.396,,,0.00037201934473098396,5.363128131724023e-06,0.34673685065045595,0.09911657130329336,0.988,0.962,1.698566999967278e-07,0.9998863308003724,0.06561104168471066,0.852,,
season,gbp_0.01,4.545454545454546e-05,B_0.25,2016-17,2010-11,1000,0.0,,,0.5500085351203425,0.126931320736081,2.8497198840259257,-0.1066806728732235,0.663,0.035,0.036867316886846364,0.705194941834216,0.0002818428184281843,0.089,,
season,gbp_0.01,4.545454545454546e-05,B_0.10,2016-17,2010-11,1000,0.0,,,0.8643311862503995,0.47022528935213165,1.6966423292759005,-0.06255987468144278,0.096,0.0,0.2841734346659094,0.3591840102710503,0.00022764227642276422,0.07,,
season,gbp_0.01,4.545454545454546e-05,E,2016-17,2010-11,1000,0.0,,,0.9998779545454562,0.9982693636363613,1.001634818181824,-8.649954545309191e-05,0.0,0.0,0.9967649999999981,0.0010802815265070764,0.0,0.0,-0.0001430705471259054,3.295146599191463e-05
season,gbp_1,0.004545454545454545,A,2016-17,2010-11,1000,0.849,,,0.0028448897748292136,0.0003803698987657188,0.2986649245460245,0.08127575915008856,0.988,0.963,3.0916774286342263e-06,0.9982788938119358,0.18722625517073566,1.0,,
season,gbp_1,0.004545454545454545,B_0.25,2016-17,2010-11,1000,0.008,,,0.5553138088166689,0.11674553905368718,2.8417932822159653,-0.10979674119255488,0.664,0.065,9.232598992979513e-05,0.7088580388057835,0.19561047734024226,1.0,,
season,gbp_1,0.004545454545454545,B_0.10,2016-17,2010-11,1000,0.0,,,0.8655510287485544,0.4497036453730388,1.7154296991448432,-0.06974543852812456,0.127,0.0,0.1585943940404589,0.36919395847658054,0.3597371273712737,1.0,,
season,gbp_1,0.004545454545454545,E,2016-17,2010-11,1000,0.0,,,0.9877954545454529,0.8269363636363659,1.163481818181812,-0.008649954545456048,0.0,0.0,0.6765000000000019,0.1037193364663786,0.0,0.0,-0.014307054712590545,0.0032951465991842965
season,none,0.0,A,2017-18,2010-11,1000,0.0,,,0.0001520718068569705,2.1059873447615121e-07,0.09203188468144115,-0.9380386590667076,0.995,0.979,1.96223576306515e-10,0.9999530246837971,0.0,0.0,,
season,none,0.0,B_0.25,2017-18,2010-11,1000,0.0,,,0.4624504842696573,0.10180028712387552,2.2302242077513417,-0.27387490887694194,0.704,0.075,0.02925015522548458,0.7462369839225074,0.0,0.0,,
season,none,0.0,B_0.10,2017-18,2010-11,1000,0.0,,,0.8231341119391542,0.4404856527050415,1.584561571100414,-0.11290761220208011,0.147,0.0,0.2631686453707367,0.3872620531994174,0.0,0.0,,
season,gbp_0.01,4.545454545454546e-05,A,2017-18,2010-11,1000,0.534,,,4.1473577018355345e-05,4.01070417495651e-06,0.09218376161954522,-0.9379856441214063,0.995,0.979,6.795529802902048e-08,0.9999660203407286,0.0796373779637378,0.915,,
season,gbp_0.01,4.545454545454546e-05,B_0.25,2017-18,2010-11,1000,0.0,,,0.46244059278424354,0.10179395982568688,2.230144734653709,-0.2738770397594298,0.704,0.074,0.02928770422744058,0.7462163094579539,0.0024715447154471546,0.88,,
season,gbp_0.01,4.545454545454546e-05,B_0.10,2017-18,2010-11,1000,0.0,,,0.8231403262904362,0.4404294287177956,1.5847481186567365,-0.11290879016943096,0.147,0.0,0.263260330101055,0.3872188307850164,0.0027100271002710027,1.0,,
season,gbp_0.01,4.545454545454546e-05,E,2017-18,2010-11,1000,0.0,,,0.9997390909090901,0.998080886363634,1.0017249318181887,-0.0001672131818166801,0.0,0.0,0.99679318181818,0.001241017855872495,0.0,0.0,-0.00014408715312998633,3.584531740307421e-05
season,gbp_1,0.004545454545454545,A,2017-18,2010-11,1000,0.928,,,0.0024802782179739044,0.0002574268356894837,0.06509888302111667,-0.9378718815339747,0.995,0.978,5.367730312576952e-07,0.998478885092462,0.18307710158380228,1.0,,
season,gbp_1,0.004545454545454545,B_0.25,2017-18,2010-11,1000,0.018,,,0.45870420043881305,0.07702423782004914,2.2111141308944364,-0.27966658660061694,0.706,0.108,9.321940633873031e-05,0.7476918070680867,0.20111901869831875,1.0,,
season,gbp_1,0.004545454545454545,B_0.10,2017-18,2010-11,1000,0.0,,,0.8080895258402279,0.4159723085045916,1.5847560148533142,-0.12213448280735416,0.172,0.0,0.20820869114115378,0.39531313229120574,0.3146937669376694,1.0,,
season,gbp_1,0.004545454545454545,E,2017-18,2010-11,1000,0.0,,,0.973909090909091,0.8080886363636389,1.172493181818175,-0.016721318181819628,0.0,0.0,0.6793181818181839,0.11769676532809525,0.0,0.0,-0.014408715312998636,0.003584531740299712
season,none,0.0,A,2018-19,2010-11,1000,0.0,,,0.00030615067590166655,6.772217694180984e-07,0.1481149181801218,-0.8521916076487034,0.996,0.974,7.96672916847835e-09,0.999900777938801,0.0,0.0,,
season,none,0.0,B_0.25,2018-19,2010-11,1000,0.0,,,0.4995711342453082,0.12268641107553181,2.311062298321207,-0.19898235705276646,0.682,0.044,0.033686556084059016,0.7271043467177416,0.0,0.0,,
season,none,0.0,B_0.10,2018-19,2010-11,1000,0.0,,,0.8430742131216,0.4744769647121335,1.6013337588680463,-0.08000513428666343,0.116,0.0,0.27663921739504627,0.3734782392575224,0.0,0.0,,
season,gbp_0.01,4.545454545454546e-05,A,2018-19,2010-11,1000,0.48,,,0.00013817361296310546,6.991314187527254e-06,0.1481149181801218,-0.8522210760691419,0.996,0.974,1.4991877654147551e-07,0.9999566107834508,0.06962781408299404,0.784,,
season,gbp_0.01,4.545454545454546e-05,B_0.25,2018-19,2010-11,1000,0.0,,,0.4995711342453082,0.12268641107553181,2.311062298321207,-0.19898235835689618,0.682,0.044,0.033686556084059016,0.7271043467177416,2.6595744680851065e-06,0.001,,
season,gbp_0.01,4.545454545454546e-05,B_0.10,2018-19,2010-11,1000,0.0,,,0.8430742131216,0.4744769647121335,1.6013337588680463,-0.08000513428666343,0.116,0.0,0.27663921739504627,0.3734782392575224,0.0,0.0,,
season,gbp_0.01,4.545454545454546e-05,E,2018-19,2010-11,1000,0.0,,,0.9998143181818165,0.9980410681818159,1.0020383863636435,-0.00014131909090749396,0.0,0.0,0.9966177272727249,0.001243399535009626,0.0,0.0,-0.00013409905183296928,3.901087302284345e-05
season,gbp_1,0.004545454545454545,A,2018-19,2010-11,1000,0.9,,,0.00256995028366158,0.0002197841774266742,0.12336655475011897,-0.8551864805242315,0.996,0.973,4.636154071001319e-06,0.9984919576484237,0.18839770366564657,1.0,,
season,gbp_1,0.004545454545454545,B_0.25,2018-19,2010-11,1000,0.013,,,0.497111234018402,0.10179316634469131,2.298638854218116,-0.20270407471098822,0.688,0.077,0.0002762061353475103,0.7290220061248296,0.1790233683716765,1.0,,
season,gbp_1,0.004545454545454545,B_0.10,2018-19,2010-11,1000,0.0,,,0.8404415593925166,0.4488019912393217,1.6059908614735785,-0.08599463059369174,0.146,0.0,0.2434965337902763,0.38061967432159766,0.3206409574468085,1.0,,
season,gbp_1,0.004545454545454545,E,2018-19,2010-11,1000,0.0,,,0.9814318181818198,0.8041068181818205,1.2038386363636295,-0.01413190909091064,0.0,0.0,0.6617727272727297,0.1200096821239624,0.0,0.0,-0.01340990518329693,0.0039010873022764236
season,none,0.0,A,2019-20,2010-11,1000,0.0,,,0.00024901094326657404,3.533714766017639e-07,0.11485607496713708,-0.9287979894681446,0.998,0.972,3.1149655179861547e-09,0.9999094878444234,0.0,0.0,,
season,none,0.0,B_0.25,2019-20,2010-11,1000,0.0,,,0.43255690757131804,0.11480779052931588,1.9960079708108538,-0.3505743479417208,0.734,0.052,0.03759832894610958,0.7416709013368408,0.0,0.0,,
season,none,0.0,B_0.10,2019-20,2010-11,1000,0.0,,,0.7836797868867826,0.4539984688303909,1.4474333640184054,-0.15624970647927217,0.138,0.0,0.296589034565012,0.3870777112967158,0.0,0.0,,
season,gbp_0.01,4.545454545454546e-05,A,2019-20,2010-11,1000,0.394,,,0.00012916618483164806,6.14355967425976e-06,0.11367473031651405,-0.9288504488302963,0.998,0.972,5.821814424707643e-08,0.9999517681953924,0.047811664506350125,0.815,,
season,gbp_0.01,4.545454545454546e-05,B_0.25,2019-20,2010-11,1000,0.0,,,0.4325427341052777,0.11483251533477488,1.9957839801179926,-0.3505804444045617,0.734,0.052,0.03758581686136054,0.741662228099075,0.00010655737704918033,0.022,,
season,gbp_0.01,4.545454545454546e-05,B_0.10,2019-20,2010-11,1000,0.0,,,0.7835810147872186,0.4539196615775217,1.4474609156540232,-0.15625639019948132,0.139,0.0,0.29657414653394015,0.38709574304329636,0.000551912568306011,0.202,,
season,gbp_0.01,4.545454545454546e-05,E,2019-20,2010-11,1000,0.0,,,0.9996840909090922,0.9981147727272701,1.0015015227272792,-0.000275635909089597,0.0,0.0,0.9967527272727248,0.0011794437409337055,0.0,0.0,-0.00026373028994464457,3.1914461989626615e-05
season,gbp_1,0.004545454545454545,A,2019-20,2010-11,1000,0.882,,,0.002709251091843141,0.00027269189860866874,0.11558103349791983,-0.9319035145294131,0.998,0.972,1.8600613774389513e-06,0.9983593660160044,0.2096570192223051,1.0,,
season,gbp_1,0.004545454545454545,B_0.25,2019-20,2010-11,1000,0.01,,,0.4263439762025869,0.10198050736386306,1.9275895674563228,-0.35709954258108223,0.739,0.068,0.0016336279153774825,0.7444057415540666,0.18439374962398203,1.0,,
season,gbp_1,0.004545454545454545,B_0.10,2019-20,2010-11,1000,0.0,,,0.7715029399468321,0.4251380258257048,1.4462540235265797,-0.16980464665686532,0.154,0.0,0.2290926511697679,0.39909040966363485,0.35655464480874316,1.0,,
season,gbp_1,0.004545454545454545,E,2019-20,2010-11,1000,0.0,,,0.9684090909090914,0.8114772727272753,1.1501522727272666,-0.027563590909092134,0.0,0.0,0.6752727272727299,0.11372892384250582,0.0,0.0,-0.02637302899446448,0.0031914461989545934
season,none,0.0,A,2021-22,2020-21,1000,0.0,,,0.002888023759877934,2.665806681136777e-05,0.5273200673293723,-0.821691378154,0.991,0.934,5.08186630154455e-07,0.9989255051317174,0.0,0.0,,
season,none,0.0,B_0.25,2021-22,2020-21,1000,0.0,,,0.5454401558475375,0.17174472299448418,2.093787247893326,-0.25170007716758713,0.629,0.01,0.0520750083796136,0.6659083774686726,0.0,0.0,,
season,none,0.0,B_0.10,2021-22,2020-21,1000,0.0,,,0.8396378732106853,0.5257950002011959,1.4389164104304344,-0.11010286920508104,0.057,0.0,0.3200206969494802,0.3329341426745661,0.0,0.0,,
season,gbp_0.01,4.545454545454546e-05,A,2021-22,2020-21,1000,0.21,,,0.002991378815383015,1.1509795407837217e-05,0.5273530087374343,-0.821727599266594,0.991,0.934,6.923695079457792e-07,0.9989105558286048,0.060442266308905916,0.911,,
season,gbp_0.01,4.545454545454546e-05,B_0.25,2021-22,2020-21,1000,0.0,,,0.5453912106301193,0.1717208390056319,2.093564263130096,-0.2517110898461631,0.629,0.01,0.0520177888821602,0.6659007880814499,0.0026894586894586894,0.853,,
season,gbp_0.01,4.545454545454546e-05,B_0.10,2021-22,2020-21,1000,0.0,,,0.8395260806353007,0.5258221369259063,1.4389220735391357,-0.11011503074383898,0.057,0.0,0.3200350719540706,0.33294196431810774,0.003037037037037037,1.0,,
season,gbp_0.01,4.545454545454546e-05,E,2021-22,2020-21,1000,0.0,,,0.9997186363636359,0.9979407954545436,1.0018790000000073,-0.00023855818181655396,0.0,0.0,0.9965081818181791,0.0012964421737575726,0.0,0.0,-0.00029045252390781613,3.824377008750373e-05
season,gbp_1,0.004545454545454545,A,2021-22,2020-21,1000,0.797,,,0.002941040781161381,0.0003149005350776463,0.48616594776779615,-0.8223306524532341,0.991,0.936,6.851604114434251e-06,0.9980143351685666,0.23263817522190727,1.0,,
season,gbp_1,0.004545454545454545,B_0.25,2021-22,2020-21,1000,0.01,,,0.5394339445815406,0.14564216554300233,2.031573210777826,-0.2625044455898439,0.641,0.04,0.0009221870445069273,0.6722969318244376,0.23208253446544325,1.0,,
season,gbp_1,0.004545454545454545,B_0.10,2021-22,2020-21,1000,0.0,,,0.8237335148535954,0.48191788206072295,1.4328341160959268,-0.12877953272647943,0.101,0.0,0.19204255375207316,0.3502887845623815,0.39213675213675214,1.0,,
season,gbp_1,0.004545454545454545,E,2021-22,2020-21,1000,0.0,,,0.971863636363637,0.7940795454545473,1.1878999999999929,-0.02385581818181965,0.0,0.0,0.6508181818181846,0.12371461118333826,0.0,0.0,-0.02904525239078161,0.003824377008741678
season,none,0.0,A,2022-23,2020-21,1000,0.0,,,0.0015878977733249588,1.4875783617595174e-05,0.29413081824226245,-0.7579426873595833,0.994,0.953,3.0624938693346935e-07,0.9994134692493857,0.0,0.0,,
season,none,0.0,B_0.25,2022-23,2020-21,1000,0.0,,,0.48639646005929515,0.15243574871088322,1.9929611133266953,-0.29364252572352895,0.672,0.017,0.05054544355110517,0.6941726603445286,0.0,0.0,,
season,none,0.0,B_0.10,2022-23,2020-21,1000,0.0,,,0.8044918234506399,0.504280947398163,1.4357216180878682,-0.13093227245953784,0.074,0.0,0.31611013652799075,0.35025026127964815,0.0,0.0,,
season,gbp_0.01,4.545454545454546e-05,A,2022-23,2020-21,1000,0.259,,,0.0015649694914413404,7.471279852595966e-06,0.29436606182022373,-0.757938107090253,0.994,0.953,5.122617443220016e-07,0.9994461037068174,0.061476957849983534,0.85,,
season,gbp_0.01,4.545454545454546e-05,B_0.25,2022-23,2020-21,1000,0.0,,,0.48645609726251815,0.1525198589091984,1.99282656815173,-0.29364937273805336,0.672,0.017,0.05052911292461597,0.6941927538472199,0.0007171428571428572,0.234,,
season,gbp_0.01,4.545454545454546e-05,B_0.10,2022-23,2020-21,1000,0.0,,,0.804370780025236,0.5042325924784078,1.4357164328077046,-0.13093905380016208,0.074,0.0,0.3160871667816783,0.35023486320117475,0.0014657142857142857,0.512,,
season,gbp_0.01,4.545454545454546e-05,E,2022-23,2020-21,1000,0.0,,,0.9996606818181819,0.9980849999999973,1.0017033409090974,-0.0002489972727257147,0.0,0.0,0.9969663636363609,0.0012735703863281378,0.0,0.0,-0.000269013408546057,3.462336186767851e-05
season,gbp_1,0.004545454545454545,A,2022-23,2020-21,1000,0.826,,,0.0029528514795219432,0.0003483662005022784,0.30523313184037004,-0.7622400798467811,0.994,0.951,1.4985618522077651e-05,0.9980747812050466,0.23211269461134193,1.0,,
season,gbp_1,0.004545454545454545,B_0.25,2022-23,2020-21,1000,0.007,,,0.4813227372632914,0.12873217097417552,1.9832166792994206,-0.3014628977681936,0.677,0.054,0.00010724396417254728,0.6987295416157505,0.2190678244758264,1.0,,
season,gbp_1,0.004545454545454545,B_0.10,2022-23,2020-21,1000,0.0,,,0.7978437116764083,0.4627240015786806,1.4361067591650345,-0.1444455407464398,0.113,0.0,0.19929436655155175,0.3676763046953392,0.37036,1.0,,
season,gbp_1,0.004545454545454545,E,2022-23,2020-21,1000,0.0,,,0.9660681818181818,0.8085000000000028,1.170334090909084,-0.02489972727272878,0.0,0.0,0.6966363636363663,0.12091121278653205,0.0,0.0,-0.02690134085460571,0.0034623361867592065
aggregate,none,0.0,A,,,19000,0.0,0.0,0.0,0.005733575520179771,7.323427203910343e-06,0.6433830841539212,-0.6436682592819961,0.9833684210526316,0.8875263157894737,1.96223576306515e-10,0.9978367249775366,0.0,0.0,,
aggregate,none,0.0,B_0.25,,,19000,0.0,0.0,0.0,0.5843774583216875,0.1724325642021902,1.8465775751979396,-0.24939972030169935,0.5535263157894736,0.015157894736842105,0.02925015522548458,0.6217849247541569,0.0,0.0,,
aggregate,none,0.0,B_0.10,,,19000,0.0,0.0,0.0,0.8516431790667073,0.5302944539325496,1.3825497480718165,-0.1090116511552172,0.05042105263157895,0.0,0.2631686453707367,0.3019908266268403,0.0,0.0,,
aggregate,gbp_0.01,4.545454545454546e-05,A,,,19000,0.1791578947368421,0.1719912339938978,0.1863245554797864,0.0057132739530353135,1.2629145570310652e-05,0.6435173012328932,-0.6436911868647254,0.9833684210526316,0.887578947368421,5.821814424707643e-08,0.9978487958173557,0.041932300243550186,0.7674736842105263,,
aggregate,gbp_0.01,4.545454545454546e-05,B_0.25,,,19000,0.0,0.0,0.0,0.5844091717619242,0.1724454971892552,1.8461853401181643,-0.24941595859760887,0.5535789473684211,0.015105263157894736,0.02928770422744058,0.6218419600799886,0.0017123006474024948,0.4431578947368421,,
aggregate,gbp_0.01,4.545454545454546e-05,B_0.10,,,19000,0.0,0.0,0.0,0.8516276205778825,0.5302236181135689,1.382545651935696,-0.1090295507601419,0.050473684210526316,0.0,0.263260330101055,0.30199045060399515,0.0025924522343281227,0.5630526315789474,,
aggregate,gbp_0.01,4.545454545454546e-05,E,,,19000,0.0,0.0,0.0,0.9997148636363631,0.9982527272727252,1.0014478181818225,-0.00023737698564475293,0.0,0.0,0.9965081818181791,0.0010864203862130384,0.0,0.0,-0.00023891752846047466,7.075130222960492e-06
aggregate,gbp_1,0.004545454545454545,A,,,19000,0.6896842105263158,0.6810385906502697,0.6983298304023619,0.003364367071318676,0.0003761332229204238,0.6351324944428292,-0.6476532836032187,0.9836315789473684,0.8913157894736842,5.367730312576952e-07,0.9975730197171453,0.21790135685513276,0.9993684210526316,,
aggregate,gbp_1,0.004545454545454545,B_0.25,,,19000,0.004947368421052632,0.0036361374131903294,0.006258599428914934,0.5784356154143798,0.1549994862818255,1.845211262929419,-0.25826554087171416,0.5644210526315789,0.03352631578947368,9.232598992979513e-05,0.6282163605146209,0.2294589908281381,1.0,,
aggregate,gbp_1,0.004545454545454545,B_0.10,,,19000,0.0,0.0,0.0,0.8345981351475905,0.49066884303433134,1.3932308417591577,-0.12574242093203572,0.08147368421052631,0.0,0.1585943940404589,0.3227036343664798,0.4091976946155061,1.0,,
aggregate,gbp_1,0.004545454545454545,E,,,19000,0.0,0.0,0.0,0.9714863636363641,0.8252727272727294,1.1447818181818141,-0.023737698564594418,0.0,0.0,0.6508181818181846,0.10438381723383805,0.0,0.0,-0.02389175284604747,0.0007075130222944072
