row_type,config,min_stake,agent,season,fit_through,n_dates,final_wealth,final_log_wealth,max_drawdown,recovery_dates,recovered,ruined,ruin_date,n_bets,n_forced,n_floored,n_dropped,roi,median_final_wealth,sd_log_wealth,n_unruined,ruin_rate,median_max_drawdown,max_max_drawdown,recovery_rate,median_recovery_dates,sum_final_log_wealth,median_roi,min_roi,max_roi
season,none,0.0,A,2002-03,2000-01,97,0.1618328126448849,-1.8211914973603878,0.9280985782059115,,False,False,,209,0,0,0,-0.8381671873551151,,,,,,,,,,,,
season,none,0.0,B_0.25,2002-03,2000-01,97,0.7235696639761654,-0.3235584500875203,0.4445451610555714,,False,False,,209,0,0,0,-0.2764303360238346,,,,,,,,,,,,
season,none,0.0,B_0.10,2002-03,2000-01,97,0.8876831505222377,-0.1191404121376423,0.20549278361153323,,False,False,,209,0,0,0,-0.11231684947776233,,,,,,,,,,,,
season,gbp_0.01,4.545454545454546e-05,A,2002-03,2000-01,97,0.16184967691715685,-1.8210872947987353,0.9280823783200045,,False,False,,231,22,1,0,-0.8381503230828431,,,,,,,,,,,,
season,gbp_0.01,4.545454545454546e-05,B_0.25,2002-03,2000-01,97,0.7235601068661615,-0.32357165845375896,0.4444964157184531,,False,False,,231,22,1,0,-0.27643989313383854,,,,,,,,,,,,
season,gbp_0.01,4.545454545454546e-05,B_0.10,2002-03,2000-01,97,0.8876689677129358,-0.11915638959828968,0.20542752225558414,,False,False,,231,22,1,0,-0.1123310322870642,,,,,,,,,,,,
season,gbp_0.01,4.545454545454546e-05,E,2002-03,2000-01,97,0.9993304090909094,-0.000669815185204433,0.0009870499787989484,,False,False,,97,97,0,0,-0.0006695909090905783,,,,,,,,,,,,
season,gbp_1,0.004545454545454545,A,2002-03,2000-01,97,0.16258985985841096,-1.8165244463074457,0.9271448108755219,,False,False,,231,22,15,0,-0.837410140141589,,,,,,,,,,,,
season,gbp_1,0.004545454545454545,B_0.25,2002-03,2000-01,97,0.7166123728707436,-0.3332202081833888,0.4468392120371196,,False,False,,231,22,43,0,-0.28338762712925636,,,,,,,,,,,,
season,gbp_1,0.004545454545454545,B_0.10,2002-03,2000-01,97,0.8594397260387836,-0.15147458339102415,0.2237756234659244,,False,False,,231,22,106,0,-0.1405602739612164,,,,,,,,,,,,
season,gbp_1,0.004545454545454545,E,2002-03,2000-01,97,0.9330409090909088,-0.06930623226762493,0.09569542404765019,,False,False,,97,97,0,0,-0.06695909090909125,,,,,,,,,,,,
season,none,0.0,A,2003-04,2000-01,97,0.027266316593777453,-3.602103162982982,0.9774021971205199,,False,False,,255,0,0,0,-0.9727336834062226,,,,,,,,,,,,
season,none,0.0,B_0.25,2003-04,2000-01,97,0.5980279353221528,-0.5141178115370577,0.43158588110168883,,False,False,,255,0,0,0,-0.4019720646778472,,,,,,,,,,,,
season,none,0.0,B_0.10,2003-04,2000-01,97,0.8389978332427261,-0.17554715506567192,0.18133694777221143,,False,False,,255,0,0,0,-0.16100216675727386,,,,,,,,,,,,
season,gbp_0.01,4.545454545454546e-05,A,2003-04,2000-01,97,0.02726622154515789,-3.602106648924506,0.9774022758950021,,False,False,,268,13,1,0,-0.9727337784548421,,,,,,,,,,,,
season,gbp_0.01,4.545454545454546e-05,B_0.25,2003-04,2000-01,97,0.5981352994998975,-0.513938297278623,0.4314838335034257,,False,False,,268,13,0,0,-0.4018647005001025,,,,,,,,,,,,
season,gbp_0.01,4.545454545454546e-05,B_0.10,2003-04,2000-01,97,0.839129051877462,-0.1753907680413452,0.18120241893103683,,False,False,,268,13,0,0,-0.160870948122538,,,,,,,,,,,,
season,gbp_0.01,4.545454545454546e-05,E,2003-04,2000-01,97,1.000859272727276,0.000858903763811153,0.00043175175092369233,6,True,False,,97,97,0,0,0.0008592727272760392,,,,,,,,,,,,
season,gbp_1,0.004545454545454545,A,2003-04,2000-01,97,0.02693288240774678,-3.61440734454998,0.9903698811633559,,False,False,,264,13,120,4,-0.9730671175922532,,,,,,,,,,,,
season,gbp_1,0.004545454545454545,B_0.25,2003-04,2000-01,97,0.572001257597604,-0.5586140890075463,0.4501002309320551,,False,False,,268,13,67,0,-0.427998742402396,,,,,,,,,,,,
season,gbp_1,0.004545454545454545,B_0.10,2003-04,2000-01,97,0.7875885764037107,-0.23877943663455584,0.23156761482834842,,False,False,,268,13,119,0,-0.21241142359628928,,,,,,,,,,,,
season,gbp_1,0.004545454545454545,E,2003-04,2000-01,97,1.0859272727272693,0.08243425124651325,0.04252747498712983,6,True,False,,97,97,0,0,0.0859272727272693,,,,,,,,,,,,
season,none,0.0,A,2004-05,2000-01,99,0.03690079054988813,-3.299522304048939,0.9766106794848537,,False,False,,282,0,0,1,-0.9630992094501118,,,,,,,,,,,,
season,none,0.0,B_0.25,2004-05,2000-01,99,0.5844375679016243,-0.5371053166036114,0.5424938178300949,,False,False,,283,0,0,0,-0.41556243209837573,,,,,,,,,,,,
season,none,0.0,B_0.10,2004-05,2000-01,99,0.8254608601962508,-0.19181343019694547,0.26076609551615393,,False,False,,283,0,0,0,-0.17453913980374924,,,,,,,,,,,,
season,gbp_0.01,4.545454545454546e-05,A,2004-05,2000-01,99,0.037012888467555155,-3.2964890900321966,0.976669195275916,,False,False,,294,12,4,1,-0.9629871115324449,,,,,,,,,,,,
season,gbp_0.01,4.545454545454546e-05,B_0.25,2004-05,2000-01,99,0.584346203950786,-0.5372616568150769,0.5426618459852636,,False,False,,295,12,3,0,-0.41565379604921404,,,,,,,,,,,,
season,gbp_0.01,4.545454545454546e-05,B_0.10,2004-05,2000-01,99,0.8253680748688466,-0.19192584078720235,0.2610126470281732,,False,False,,295,12,5,0,-0.17463192513115344,,,,,,,,,,,,
season,gbp_0.01,4.545454545454546e-05,E,2004-05,2000-01,99,0.9998290909090913,-0.00017092369753163745,0.0006711891271902193,,False,False,,99,99,0,0,-0.00017090909090866635,,,,,,,,,,,,
season,gbp_1,0.004545454545454545,A,2004-05,2000-01,99,0.003911319074293564,-5.543880602723303,0.9960886809257065,,False,True,2005-01-03T00:00:00.000000000,161,6,35,8,-0.9960886809257065,,,,,,,,,,,,
season,gbp_1,0.004545454545454545,B_0.25,2004-05,2000-01,99,0.5697011454452877,-0.5626433618864556,0.5532735824670079,,False,False,,295,12,84,0,-0.4302988545547123,,,,,,,,,,,,
season,gbp_1,0.004545454545454545,B_0.10,2004-05,2000-01,99,0.8220502177415968,-0.1959537936489443,0.2723569642130902,,False,False,,295,12,131,0,-0.1779497822584032,,,,,,,,,,,,
season,gbp_1,0.004545454545454545,E,2004-05,2000-01,99,0.9829090909090906,-0.017238644384169666,0.06543505227715796,,False,False,,99,99,0,0,-0.01709090909090938,,,,,,,,,,,,
season,none,0.0,A,2005-06,2000-01,105,0.4027477606635756,-0.9094448170557793,0.9132263917410713,,False,False,,285,0,0,0,-0.5972522393364244,,,,,,,,,,,,
season,none,0.0,B_0.25,2005-06,2000-01,105,1.1653466922511049,0.15301863266167945,0.3754629554032406,10,True,False,,285,0,0,0,0.16534669225110488,,,,,,,,,,,,
season,none,0.0,B_0.10,2005-06,2000-01,105,1.0980564266099357,0.09354173212203257,0.1626504202159531,10,True,False,,285,0,0,0,0.09805642660993574,,,,,,,,,,,,
season,gbp_0.01,4.545454545454546e-05,A,2005-06,2000-01,105,0.4025672631858809,-0.9098930825801312,0.9132561978151763,,False,False,,293,8,0,0,-0.5974327368141191,,,,,,,,,,,,
season,gbp_0.01,4.545454545454546e-05,B_0.25,2005-06,2000-01,105,1.1651612264905462,0.1528594692797757,0.3755261759462072,10,True,False,,293,8,0,0,0.1651612264905462,,,,,,,,,,,,
season,gbp_0.01,4.545454545454546e-05,B_0.10,2005-06,2000-01,105,1.0978904281985375,0.09339054593885979,0.1627247573400794,10,True,False,,293,8,1,0,0.09789042819853755,,,,,,,,,,,,
season,gbp_0.01,4.545454545454546e-05,E,2005-06,2000-01,105,0.9994749999999978,-0.0005251378607555946,0.0012477272727283717,,False,False,,105,105,0,0,-0.0005250000000022181,,,,,,,,,,,,
season,gbp_1,0.004545454545454545,A,2005-06,2000-01,105,0.3741275896921974,-0.9831583908360445,0.9157586368290164,,False,False,,293,8,39,0,-0.6258724103078026,,,,,,,,,,,,
season,gbp_1,0.004545454545454545,B_0.25,2005-06,2000-01,105,1.1073605214575106,0.10197927501282841,0.3895364921175354,11,True,False,,293,8,56,0,0.10736052145751063,,,,,,,,,,,,
season,gbp_1,0.004545454545454545,B_0.10,2005-06,2000-01,105,1.0322924245254392,0.03178198401962433,0.2047430642807374,11,True,False,,293,8,124,0,0.032292424525439234,,,,,,,,,,,,
season,gbp_1,0.004545454545454545,E,2005-06,2000-01,105,0.9475000000000022,-0.053928342025553286,0.12477272727272615,,False,False,,105,105,0,0,-0.05249999999999777,,,,,,,,,,,,
season,none,0.0,A,2006-07,2000-01,95,0.03564220881822566,-3.334224702479926,0.9859260789877137,,False,False,,287,0,0,0,-0.9643577911817743,,,,,,,,,,,,
season,none,0.0,B_0.25,2006-07,2000-01,95,0.937745849704948,-0.06427631583110936,0.4556934670044941,,False,False,,287,0,0,0,-0.06225415029505199,,,,,,,,,,,,
season,none,0.0,B_0.10,2006-07,2000-01,95,1.0196796085620574,0.01948846870065053,0.20287501357480886,,False,False,,287,0,0,0,0.019679608562057416,,,,,,,,,,,,
season,gbp_0.01,4.545454545454546e-05,A,2006-07,2000-01,95,0.035634651327074385,-3.334436762639821,0.9859290631892276,,False,False,,294,7,0,0,-0.9643653486729256,,,,,,,,,,,,
season,gbp_0.01,4.545454545454546e-05,B_0.25,2006-07,2000-01,95,0.9376809952456234,-0.06434547817623101,0.45573464756030135,,False,False,,294,7,0,0,-0.06231900475437657,,,,,,,,,,,,
season,gbp_0.01,4.545454545454546e-05,B_0.10,2006-07,2000-01,95,1.0195827717484562,0.01939349630807472,0.20295619127329678,,False,False,,294,7,1,0,0.01958277174845624,,,,,,,,,,,,
season,gbp_0.01,4.545454545454546e-05,E,2006-07,2000-01,95,1.0001427272727315,0.00014271708816333256,0.0006941378063411996,,False,False,,95,95,0,0,0.0001427272727314577,,,,,,,,,,,,
season,gbp_1,0.004545454545454545,A,2006-07,2000-01,95,0.03502688288366501,-3.351639429926617,0.9861690507026257,,False,False,,294,7,11,0,-0.9649731171163349,,,,,,,,,,,,
season,gbp_1,0.004545454545454545,B_0.25,2006-07,2000-01,95,0.9273460507047225,-0.07542848134494531,0.4652093039931189,,False,False,,294,7,34,0,-0.07265394929527746,,,,,,,,,,,,
season,gbp_1,0.004545454545454545,B_0.10,2006-07,2000-01,95,0.9438547848391599,-0.05778295428915987,0.24406492125038715,,False,False,,294,7,111,0,-0.056145215160840145,,,,,,,,,,,,
season,gbp_1,0.004545454545454545,E,2006-07,2000-01,95,1.0142727272727232,0.014171830812668141,0.06560192340717996,,False,False,,95,95,0,0,0.014272727272723218,,,,,,,,,,,,
season,none,0.0,A,2007-08,2000-01,96,0.000510123387348433,-7.580857925530372,0.9994898766126515,,False,False,,305,0,0,4,-0.9994898766126515,,,,,,,,,,,,
season,none,0.0,B_0.25,2007-08,2000-01,96,0.2575929229912957,-1.3563747579892014,0.7424070770087043,,False,False,,309,0,0,0,-0.7424070770087043,,,,,,,,,,,,
season,none,0.0,B_0.10,2007-08,2000-01,96,0.6090575852601299,-0.49584245866508975,0.3909424147398701,,False,False,,309,0,0,0,-0.3909424147398701,,,,,,,,,,,,
season,gbp_0.01,4.545454545454546e-05,A,2007-08,2000-01,96,0.0007533338055863526,-7.19100212748171,0.9993181738839676,,False,False,,312,7,29,4,-0.9992466661944136,,,,,,,,,,,,
season,gbp_0.01,4.545454545454546e-05,B_0.25,2007-08,2000-01,96,0.25753983754602017,-1.3565808619279534,0.7424601624539798,,False,False,,316,7,0,0,-0.7424601624539798,,,,,,,,,,,,
season,gbp_0.01,4.545454545454546e-05,B_0.10,2007-08,2000-01,96,0.6090071986985477,-0.495925190819035,0.3909928013014523,,False,False,,316,7,0,0,-0.3909928013014523,,,,,,,,,,,,
season,gbp_0.01,4.545454545454546e-05,E,2007-08,2000-01,96,0.9994772727272742,-0.000522863942256004,0.0009337488174785413,,False,False,,96,96,0,0,-0.0005227272727258425,,,,,,,,,,,,
season,gbp_1,0.004545454545454545,A,2007-08,2000-01,96,0.0018417543748103001,-6.297036697049048,0.9981582456251897,,False,True,2007-11-11T00:00:00.000000000,96,3,29,0,-0.9981582456251897,,,,,,,,,,,,
season,gbp_1,0.004545454545454545,B_0.25,2007-08,2000-01,96,0.2851035533317262,-1.2549028196837038,0.7148964466682738,,False,False,,316,7,105,0,-0.7148964466682738,,,,,,,,,,,,
season,gbp_1,0.004545454545454545,B_0.10,2007-08,2000-01,96,0.6155838488729909,-0.4851841137602435,0.3907595303136945,,False,False,,316,7,144,0,-0.3844161511270091,,,,,,,,,,,,
season,gbp_1,0.004545454545454545,E,2007-08,2000-01,96,0.9477272727272718,-0.053688505113506424,0.09010786635096057,,False,False,,96,96,0,0,-0.05227272727272825,,,,,,,,,,,,
season,none,0.0,A,2008-09,2000-01,98,0.12170841838184901,-2.1061271081530015,0.9918697578511221,,False,False,,300,0,0,3,-0.878291581618151,,,,,,,,,,,,
season,none,0.0,B_0.25,2008-09,2000-01,98,1.0658597800523135,0.06378177867925323,0.5971509369709399,,False,False,,303,0,0,0,0.06585978005231352,,,,,,,,,,,,
season,none,0.0,B_0.10,2008-09,2000-01,98,1.0829763626342777,0.07971314195820853,0.29194242185861063,,False,False,,303,0,0,0,0.08297636263427766,,,,,,,,,,,,
season,gbp_0.01,4.545454545454546e-05,A,2008-09,2000-01,98,0.1217442224576063,-2.1058329722923923,0.9918673661036186,,False,False,,305,5,0,3,-0.8782557775423937,,,,,,,,,,,,
season,gbp_0.01,4.545454545454546e-05,B_0.25,2008-09,2000-01,98,1.0658584923928627,0.06378057058391767,0.5971514236507198,,False,False,,308,5,0,0,0.06585849239286268,,,,,,,,,,,,
season,gbp_0.01,4.545454545454546e-05,B_0.10,2008-09,2000-01,98,1.0829755560922074,0.07971239721215644,0.2920056293413067,,False,False,,308,5,0,0,0.08297555609220741,,,,,,,,,,,,
season,gbp_0.01,4.545454545454546e-05,E,2008-09,2000-01,98,0.999936363636368,-6.363838851133953e-05,0.0011085286314614917,,False,False,,98,98,0,0,-6.363636363204694e-05,,,,,,,,,,,,
season,gbp_1,0.004545454545454545,A,2008-09,2000-01,98,0.14966022147197844,-1.8993877444968725,0.9893448143058754,,False,False,,304,5,56,4,-0.8503397785280216,,,,,,,,,,,,
season,gbp_1,0.004545454545454545,B_0.25,2008-09,2000-01,98,1.0730165112830876,0.07047385149203898,0.6034896334667006,,False,False,,308,5,46,0,0.07301651128308762,,,,,,,,,,,,
season,gbp_1,0.004545454545454545,B_0.10,2008-09,2000-01,98,1.06817913373974,0.06595545469392805,0.34023265415499504,,False,False,,308,5,125,0,0.06817913373973994,,,,,,,,,,,,
season,gbp_1,0.004545454545454545,E,2008-09,2000-01,98,0.9936363636363595,-0.006383970609927471,0.10163210925139754,,False,False,,98,98,0,0,-0.006363636363640457,,,,,,,,,,,,
season,none,0.0,A,2009-10,2000-01,106,0.0016354144776618467,-6.415859003602324,0.9990731466509183,,False,False,,331,0,0,0,-0.9983645855223382,,,,,,,,,,,,
season,none,0.0,B_0.25,2009-10,2000-01,106,0.4853769977435076,-0.7228293750623759,0.5925037217597875,,False,False,,331,0,0,0,-0.5146230022564924,,,,,,,,,,,,
season,none,0.0,B_0.10,2009-10,2000-01,106,0.7957924231938679,-0.22841690202751147,0.2607237870861778,,False,False,,331,0,0,0,-0.2042075768061321,,,,,,,,,,,,
season,gbp_0.01,4.545454545454546e-05,A,2009-10,2000-01,106,0.0018679844432564856,-6.282895267231318,0.9990240061373921,,False,False,,335,4,10,0,-0.9981320155567435,,,,,,,,,,,,
season,gbp_0.01,4.545454545454546e-05,B_0.25,2009-10,2000-01,106,0.4853472444136785,-0.7228906763641181,0.5925287010464595,,False,False,,335,4,1,0,-0.5146527555863215,,,,,,,,,,,,
season,gbp_0.01,4.545454545454546e-05,B_0.10,2009-10,2000-01,106,0.7957454437540272,-0.22847593856170892,0.2607674301033239,,False,False,,335,4,1,0,-0.20425455624597277,,,,,,,,,,,,
season,gbp_0.01,4.545454545454546e-05,E,2009-10,2000-01,106,0.9995727272727318,-0.00042736403426948955,0.0016902569989860616,,False,False,,106,106,0,0,-0.00042727272726816867,,,,,,,,,,,,
season,gbp_1,0.004545454545454545,A,2009-10,2000-01,106,0.0034309038856580026,-5.674931529005058,0.996569096114342,,False,True,2010-01-05T00:00:00.000000000,169,2,57,1,-0.996569096114342,,,,,,,,,,,,
season,gbp_1,0.004545454545454545,B_0.25,2009-10,2000-01,106,0.4715190373144865,-0.7517958016590577,0.6172865717797462,,False,False,,335,4,75,0,-0.5284809626855135,,,,,,,,,,,,
season,gbp_1,0.004545454545454545,B_0.10,2009-10,2000-01,106,0.7574376588761114,-0.27781404349870564,0.3183291610681699,,False,False,,335,4,129,0,-0.24256234112388864,,,,,,,,,,,,
season,gbp_1,0.004545454545454545,E,2009-10,2000-01,106,0.957272727272723,-0.043666946652490934,0.15487683089214732,,False,False,,106,106,0,0,-0.042727272727277055,,,,,,,,,,,,
season,none,0.0,A,2011-12,2010-11,104,0.012962589566081654,-4.345687795820148,0.9977098289474569,,False,False,,332,0,0,0,-0.9870374104339183,,,,,,,,,,,,
season,none,0.0,B_0.25,2011-12,2010-11,104,0.8372217630276529,-0.1776662937318491,0.6558496145807873,36,True,False,,332,0,0,0,-0.16277823697234706,,,,,,,,,,,,
season,none,0.0,B_0.10,2011-12,2010-11,104,0.9988870418658934,-0.0011135779319261091,0.32915269381598544,36,True,False,,332,0,0,0,-0.001112958134106612,,,,,,,,,,,,
season,gbp_0.01,4.545454545454546e-05,A,2011-12,2010-11,104,0.013284586498461797,-4.3211508256998705,0.9976970309207062,,False,False,,335,3,14,0,-0.9867154135015382,,,,,,,,,,,,
season,gbp_0.01,4.545454545454546e-05,B_0.25,2011-12,2010-11,104,0.8377344845876038,-0.1770540728733097,0.6557049991553852,36,True,False,,335,3,0,0,-0.1622655154123962,,,,,,,,,,,,
season,gbp_0.01,4.545454545454546e-05,B_0.10,2011-12,2010-11,104,0.9993061259609808,-0.0006941148810260164,0.32895918393473145,36,True,False,,335,3,0,0,-0.0006938740390192155,,,,,,,,,,,,
season,gbp_0.01,4.545454545454546e-05,E,2011-12,2010-11,104,1.0012472727272774,0.001246495528834476,0.0004522727272731064,2,True,False,,104,104,0,0,0.0012472727272774264,,,,,,,,,,,,
season,gbp_1,0.004545454545454545,A,2011-12,2010-11,104,0.002117252108396977,-6.157636206344439,0.997882747891603,,False,True,2011-12-04T00:00:00.000000000,105,2,61,8,-0.997882747891603,,,,,,,,,,,,
season,gbp_1,0.004545454545454545,B_0.25,2011-12,2010-11,104,0.9890684696960337,-0.010991718516126557,0.6527398744052824,32,True,False,,335,3,103,0,-0.01093153030396632,,,,,,,,,,,,
season,gbp_1,0.004545454545454545,B_0.10,2011-12,2010-11,104,1.1029474773331494,0.09798612112594128,0.3394634796352065,26,True,False,,335,3,164,0,0.10294747733314935,,,,,,,,,,,,
season,gbp_1,0.004545454545454545,E,2011-12,2010-11,104,1.1247272727272684,0.11754058202444875,0.04522727272727223,2,True,False,,104,104,0,0,0.12472727272726836,,,,,,,,,,,,
season,none,0.0,A,2012-13,2010-11,101,0.0005193495168836236,-7.562933458523632,0.9996464516785865,,False,False,,363,0,0,0,-0.9994806504831164,,,,,,,,,,,,
season,none,0.0,B_0.25,2012-13,2010-11,101,0.2904941201747153,-1.2361719432574358,0.7410904524859236,,False,False,,363,0,0,0,-0.7095058798252847,,,,,,,,,,,,
season,none,0.0,B_0.10,2012-13,2010-11,101,0.638464818800951,-0.44868870479117584,0.39133463974886296,,False,False,,363,0,0,0,-0.36153518119904904,,,,,,,,,,,,
season,gbp_0.01,4.545454545454546e-05,A,2012-13,2010-11,101,0.00065710396816933,-7.3276683051662985,0.9995530312250949,,False,False,,366,3,12,0,-0.9993428960318307,,,,,,,,,,,,
season,gbp_0.01,4.545454545454546e-05,B_0.25,2012-13,2010-11,101,0.2904625046249895,-1.2362807828795606,0.7411186305697658,,False,False,,366,3,1,0,-0.7095374953750104,,,,,,,,,,,,
season,gbp_0.01,4.545454545454546e-05,B_0.10,2012-13,2010-11,101,0.638438274328261,-0.4487302811219666,0.39135994529516205,,False,False,,366,3,1,0,-0.36156172567173905,,,,,,,,,,,,
season,gbp_0.01,4.545454545454546e-05,E,2012-13,2010-11,101,0.9993236363636352,-0.000676592473439641,0.0010860906326728426,,False,False,,101,101,0,0,-0.0006763636363648073,,,,,,,,,,,,
season,gbp_1,0.004545454545454545,A,2012-13,2010-11,101,0.0024709449730239245,-6.003154621335756,0.9983097399257473,,False,True,2013-02-02T00:00:00.000000000,220,2,74,7,-0.9975290550269761,,,,,,,,,,,,
season,gbp_1,0.004545454545454545,B_0.25,2012-13,2010-11,101,0.30220090984019193,-1.1966632184260184,0.7308521819337621,,False,False,,366,3,115,0,-0.6977990901598081,,,,,,,,,,,,
season,gbp_1,0.004545454545454545,B_0.10,2012-13,2010-11,101,0.5968374600113833,-0.5161104639468331,0.43328779127494044,,False,False,,366,3,194,0,-0.40316253998861673,,,,,,,,,,,,
season,gbp_1,0.004545454545454545,E,2012-13,2010-11,101,0.9323636363636377,-0.07003237262005485,0.10597259788054791,,False,False,,101,101,0,0,-0.06763636363636227,,,,,,,,,,,,
season,none,0.0,A,2013-14,2010-11,95,0.00047579198172194217,-7.650529812440144,0.999524208018278,,False,False,,371,0,0,0,-0.999524208018278,,,,,,,,,,,,
season,none,0.0,B_0.25,2013-14,2010-11,95,0.6658959954071575,-0.40662178368878305,0.5678579865729836,,False,False,,371,0,0,0,-0.3341040045928425,,,,,,,,,,,,
season,none,0.0,B_0.10,2013-14,2010-11,95,0.9448095534435026,-0.0567719025460605,0.26434787411541705,,False,False,,371,0,0,0,-0.05519044655649741,,,,,,,,,,,,
season,gbp_0.01,4.545454545454546e-05,A,2013-14,2010-11,95,0.0004371906049222174,-7.7351412910917405,0.9995628093950778,,False,False,,371,0,9,0,-0.9995628093950778,,,,,,,,,,,,
season,gbp_0.01,4.545454545454546e-05,B_0.25,2013-14,2010-11,95,0.6658724992575075,-0.4066570693255083,0.5678579865729841,,False,False,,371,0,1,0,-0.33412750074249253,,,,,,,,,,,,
season,gbp_0.01,4.545454545454546e-05,B_0.10,2013-14,2010-11,95,0.9447703226943018,-0.05681342579649496,0.2643478741154166,,False,False,,371,0,1,0,-0.055229677305698166,,,,,,,,,,,,
season,gbp_0.01,4.545454545454546e-05,E,2013-14,2010-11,95,1.000914090909095,0.0009136733824188088,0.0005450103620082691,21,True,False,,95,95,0,0,0.000914090909095,,,,,,,,,,,,
season,gbp_1,0.004545454545454545,A,2013-14,2010-11,95,0.0019484309656282606,-6.240730863308525,0.9980515690343718,,False,True,2014-01-12T00:00:00.000000000,188,0,49,15,-0.9980515690343718,,,,,,,,,,,,
season,gbp_1,0.004545454545454545,B_0.25,2013-14,2010-11,95,0.6292718795758251,-0.4631918746918642,0.5855369551449023,,False,False,,371,0,59,0,-0.3707281204241749,,,,,,,,,,,,
season,gbp_1,0.004545454545454545,B_0.10,2013-14,2010-11,95,0.8853440228893111,-0.12177898308015131,0.29259942701041275,,False,False,,371,0,129,0,-0.11465597711068887,,,,,,,,,,,,
season,gbp_1,0.004545454545454545,E,2013-14,2010-11,95,1.091409090909087,0.0874696053203202,0.05043500189131367,21,True,False,,95,95,0,0,0.091409090909087,,,,,,,,,,,,
season,none,0.0,A,2014-15,2010-11,96,0.0020879243230971715,-6.171584853345973,0.9979120756769029,,False,False,,367,0,0,0,-0.9979120756769029,,,,,,,,,,,,
season,none,0.0,B_0.25,2014-15,2010-11,96,0.47268660416508335,-0.7493226805625368,0.5277062929812416,,False,False,,367,0,0,0,-0.5273133958349167,,,,,,,,,,,,
season,none,0.0,B_0.10,2014-15,2010-11,96,0.7823723525677816,-0.24542449758350596,0.22928164606753187,,False,False,,367,0,0,0,-0.2176276474322184,,,,,,,,,,,,
season,gbp_0.01,4.545454545454546e-05,A,2014-15,2010-11,96,0.0021693311060601347,-6.133336405002587,0.9978306688939399,,False,False,,368,1,12,0,-0.9978306688939399,,,,,,,,,,,,
season,gbp_0.01,4.545454545454546e-05,B_0.25,2014-15,2010-11,96,0.47265554481206606,-0.7493883908517947,0.527737326517722,,False,False,,368,1,0,0,-0.5273444551879339,,,,,,,,,,,,
season,gbp_0.01,4.545454545454546e-05,B_0.10,2014-15,2010-11,96,0.7823315227351478,-0.24547668615833787,0.22932186771045604,,False,False,,368,1,0,0,-0.21766847726485217,,,,,,,,,,,,
season,gbp_0.01,4.545454545454546e-05,E,2014-15,2010-11,96,1.0010940909090937,0.001093492827832153,0.00039736548951030404,4,True,False,,96,96,0,0,0.0010940909090937367,,,,,,,,,,,,
season,gbp_1,0.004545454545454545,A,2014-15,2010-11,96,0.0002763933408645204,-8.193685558746946,0.9997236066591355,,False,True,2015-01-19T00:00:00.000000000,205,1,83,10,-0.9997236066591355,,,,,,,,,,,,
season,gbp_1,0.004545454545454545,B_0.25,2014-15,2010-11,96,0.43001931931165427,-0.8439251426720356,0.5699806806883457,,False,False,,368,1,97,0,-0.5699806806883457,,,,,,,,,,,,
season,gbp_1,0.004545454545454545,B_0.10,2014-15,2010-11,96,0.7120064788186802,-0.3396682681471227,0.2879935211813198,,False,False,,368,1,180,0,-0.2879935211813198,,,,,,,,,,,,
season,gbp_1,0.004545454545454545,E,2014-15,2010-11,96,1.1094090909090877,0.10382752304303573,0.036453776611257815,4,True,False,,96,96,0,0,0.10940909090908768,,,,,,,,,,,,
season,none,0.0,A,2015-16,2010-11,99,6.622422274637146e-05,-9.622464259434148,0.9999591724137893,,False,False,,369,0,0,2,-0.9999337757772536,,,,,,,,,,,,
season,none,0.0,B_0.25,2015-16,2010-11,99,0.3728493380763149,-0.9865808603021701,0.6759865742698883,,False,False,,371,0,0,0,-0.6271506619236851,,,,,,,,,,,,
season,none,0.0,B_0.10,2015-16,2010-11,99,0.7281161991290381,-0.3172946293342011,0.3125634743365955,,False,False,,371,0,0,0,-0.27188380087096187,,,,,,,,,,,,
season,gbp_0.01,4.545454545454546e-05,A,2015-16,2010-11,99,4.238150195222445e-05,-10.06879856563355,0.9999576184980478,,False,True,2016-04-24T00:00:00.000000000,330,1,41,5,-0.9999576184980478,,,,,,,,,,,,
season,gbp_0.01,4.545454545454546e-05,B_0.25,2015-16,2010-11,99,0.37281843636930045,-0.9866637436131864,0.676013428462529,,False,False,,372,1,1,0,-0.6271815636306995,,,,,,,,,,,,
season,gbp_0.01,4.545454545454546e-05,B_0.10,2015-16,2010-11,99,0.7280885902260092,-0.317332548318171,0.31258954073698364,,False,False,,372,1,2,0,-0.27191140977399075,,,,,,,,,,,,
season,gbp_0.01,4.545454545454546e-05,E,2015-16,2010-11,99,0.9999240909090915,-7.591197214933853e-05,0.0006113636363643815,16,True,False,,99,99,0,0,-7.590909090848807e-05,,,,,,,,,,,,
season,gbp_1,0.004545454545454545,A,2015-16,2010-11,99,0.0010146491011059928,-6.893212439457036,0.998985350898894,,False,True,2016-02-02T00:00:00.000000000,216,1,71,9,-0.998985350898894,,,,,,,,,,,,
season,gbp_1,0.004545454545454545,B_0.25,2015-16,2010-11,99,0.3925148720045534,-0.9351808520200383,0.6616170560834276,,False,False,,372,1,104,0,-0.6074851279954466,,,,,,,,,,,,
season,gbp_1,0.004545454545454545,B_0.10,2015-16,2010-11,99,0.8064280511825183,-0.2151405965774341,0.2921975088054988,,False,False,,372,1,155,0,-0.19357194881748174,,,,,,,,,,,,
season,gbp_1,0.004545454545454545,E,2015-16,2010-11,99,0.9924090909090905,-0.007619866677336789,0.06113636363636288,16,True,False,,99,99,0,0,-0.007590909090909537,,,,,,,,,,,,
season,none,0.0,A,2016-17,2010-11,107,0.007535705851210149,-4.888102774952592,0.9962740040826735,,False,False,,363,0,0,5,-0.9924642941487899,,,,,,,,,,,,
season,none,0.0,B_0.25,2016-17,2010-11,107,0.9977004426621227,-0.002302205380181398,0.5686335236312174,,False,False,,368,0,0,0,-0.002299557337877345,,,,,,,,,,,,
season,none,0.0,B_0.10,2016-17,2010-11,107,1.1062349979070083,0.10096235603404433,0.26102296612676235,,False,False,,368,0,0,0,0.1062349979070083,,,,,,,,,,,,
season,gbp_0.01,4.545454545454546e-05,A,2016-17,2010-11,107,0.007603885530653696,-4.879095908302287,0.9962397927849292,,False,False,,364,1,1,5,-0.9923961144693463,,,,,,,,,,,,
season,gbp_0.01,4.545454545454546e-05,B_0.25,2016-17,2010-11,107,0.9976640805447619,-0.0023386519712096728,0.5686335236312172,,False,False,,369,1,0,0,-0.0023359194552381446,,,,,,,,,,,,
season,gbp_0.01,4.545454545454546e-05,B_0.10,2016-17,2010-11,107,1.1061905968439762,0.1009222181300684,0.26102296612676257,,False,False,,369,1,0,0,0.10619059684397625,,,,,,,,,,,,
season,gbp_0.01,4.545454545454546e-05,E,2016-17,2010-11,107,1.0009604545454598,0.0009599936041113725,0.0010833257692617337,,False,False,,107,107,0,0,0.0009604545454597879,,,,,,,,,,,,
season,gbp_1,0.004545454545454545,A,2016-17,2010-11,107,0.0022001674422086493,-6.119221811419252,0.9987370955818335,,False,True,2017-04-23T00:00:00.000000000,315,1,88,4,-0.9977998325577914,,,,,,,,,,,,
season,gbp_1,0.004545454545454545,B_0.25,2016-17,2010-11,107,0.9910439359211982,-0.008996410699294488,0.5687585864939904,,False,False,,369,1,33,0,-0.008956064078801784,,,,,,,,,,,,
season,gbp_1,0.004545454545454545,B_0.10,2016-17,2010-11,107,1.0736808543568301,0.07109279583471599,0.27803098884804545,,False,False,,369,1,121,0,0.07368085435683014,,,,,,,,,,,,
season,gbp_1,0.004545454545454545,E,2016-17,2010-11,107,1.0960454545454492,0.09170866079124737,0.09397637795275948,,False,False,,107,107,0,0,0.09604545454544922,,,,,,,,,,,,
season,none,0.0,A,2017-18,2010-11,105,0.0006434166144398528,-7.348718120614524,0.999846272051053,,False,False,,365,0,0,3,-0.9993565833855601,,,,,,,,,,,,
season,none,0.0,B_0.25,2017-18,2010-11,105,0.8941016033909258,-0.1119358599409115,0.5764434313012439,14,True,False,,368,0,0,0,-0.10589839660907419,,,,,,,,,,,,
season,none,0.0,B_0.10,2017-18,2010-11,105,1.0784334228649037,0.07550945370833952,0.2661925691296576,13,True,False,,368,0,0,0,0.07843342286490373,,,,,,,,,,,,
season,gbp_0.01,4.545454545454546e-05,A,2017-18,2010-11,105,2.7531833426325313e-06,-12.802752736624823,0.9999976047378365,,False,True,2018-04-23T00:00:00.000000000,329,1,44,3,-0.9999972468166574,,,,,,,,,,,,
season,gbp_0.01,4.545454545454546e-05,B_0.25,2017-18,2010-11,105,0.8940512734703668,-0.11199215257810548,0.576443431301244,14,True,False,,369,1,1,0,-0.10594872652963316,,,,,,,,,,,,
season,gbp_0.01,4.545454545454546e-05,B_0.10,2017-18,2010-11,105,1.078357239383099,0.0754388084823841,0.2661925691296574,13,True,False,,369,1,1,0,0.07835723938309891,,,,,,,,,,,,
season,gbp_0.01,4.545454545454546e-05,E,2017-18,2010-11,105,1.0001704545454544,0.00017044001972898456,0.0011400995599100128,44,True,False,,105,105,0,0,0.00017045454545439043,,,,,,,,,,,,
season,gbp_1,0.004545454545454545,A,2017-18,2010-11,105,0.0005640855922912098,-7.480304558598927,0.9995078247102185,,False,True,2017-12-03T00:00:00.000000000,132,0,47,11,-0.9994359144077087,,,,,,,,,,,,
season,gbp_1,0.004545454545454545,B_0.25,2017-18,2010-11,105,0.8520423022248935,-0.16011910288666523,0.5765036596912093,,False,False,,369,1,53,0,-0.14795769777510648,,,,,,,,,,,,
season,gbp_1,0.004545454545454545,B_0.10,2017-18,2010-11,105,0.9779616528649848,-0.022284819465546314,0.2671521927619459,13,True,False,,369,1,103,0,-0.02203834713501518,,,,,,,,,,,,
season,gbp_1,0.004545454545454545,E,2017-18,2010-11,105,1.0170454545454548,0.016901810802603473,0.11060171919770745,44,True,False,,105,105,0,0,0.017045454545454808,,,,,,,,,,,,
season,none,0.0,A,2018-19,2010-11,108,0.0003488356152379081,-7.960909763235261,0.9996593871743368,,False,False,,376,0,0,0,-0.9996511643847621,,,,,,,,,,,,
season,none,0.0,B_0.25,2018-19,2010-11,108,0.42067343104715044,-0.8658984445345916,0.6521120226288812,,False,False,,376,0,0,0,-0.5793265689528495,,,,,,,,,,,,
season,none,0.0,B_0.10,2018-19,2010-11,108,0.7830429938944344,-0.24456767531049395,0.3333961824581031,30,True,False,,376,0,0,0,-0.21695700610556556,,,,,,,,,,,,
season,gbp_0.01,4.545454545454546e-05,A,2018-19,2010-11,108,0.0004264686728904692,-7.759971645335238,0.9995835840912316,,False,False,,375,0,19,1,-0.9995735313271096,,,,,,,,,,,,
season,gbp_0.01,4.545454545454546e-05,B_0.25,2018-19,2010-11,108,0.42067343104715044,-0.8658984445345916,0.6521120226288812,,False,False,,376,0,0,0,-0.5793265689528495,,,,,,,,,,,,
season,gbp_0.01,4.545454545454546e-05,B_0.10,2018-19,2010-11,108,0.7830429938944344,-0.24456767531049395,0.3333961824581031,30,True,False,,376,0,0,0,-0.21695700610556556,,,,,,,,,,,,
season,gbp_0.01,4.545454545454546e-05,E,2018-19,2010-11,108,0.9986345454545431,-0.0013663876279993309,0.0013913275883330467,,False,False,,108,108,0,0,-0.00136545454545689,,,,,,,,,,,,
season,gbp_1,0.004545454545454545,A,2018-19,2010-11,108,0.001717299740162135,-6.367002140280511,0.9983231806287655,,False,True,2018-09-30T00:00:00.000000000,63,0,11,5,-0.9982827002598379,,,,,,,,,,,,
season,gbp_1,0.004545454545454545,B_0.25,2018-19,2010-11,108,0.4217636948803946,-0.863310086523333,0.6648918600545022,,False,False,,376,0,73,0,-0.5782363051196053,,,,,,,,,,,,
season,gbp_1,0.004545454545454545,B_0.10,2018-19,2010-11,108,0.7552822428954677,-0.28066376794112785,0.3494736120024383,30,True,False,,376,0,147,0,-0.24471775710453225,,,,,,,,,,,,
season,gbp_1,0.004545454545454545,E,2018-19,2010-11,108,0.8634545454545479,-0.1468140226714376,0.1387768055492563,,False,False,,108,108,0,0,-0.13654545454545208,,,,,,,,,,,,
season,none,0.0,A,2019-20,2010-11,115,7.912349433789739e-05,-9.444500706585917,0.9999208765056621,,False,False,,353,0,0,10,-0.9999208765056621,,,,,,,,,,,,
season,none,0.0,B_0.25,2019-20,2010-11,115,0.7857550258873858,-0.24111020703171135,0.7034204897779788,47,True,False,,363,0,0,0,-0.21424497411261423,,,,,,,,,,,,
season,none,0.0,B_0.10,2019-20,2010-11,115,1.0171474010446506,0.017002043677771635,0.36987570307830997,46,True,False,,363,0,0,0,0.017147401044650623,,,,,,,,,,,,
season,gbp_0.01,4.545454545454546e-05,A,2019-20,2010-11,115,8.166126412166488e-05,-9.41293079188817,0.9999183387358783,,False,False,,356,3,13,10,-0.9999183387358783,,,,,,,,,,,,
season,gbp_0.01,4.545454545454546e-05,B_0.25,2019-20,2010-11,115,0.7856605047105628,-0.24123050770978977,0.7034257641627111,47,True,False,,366,3,0,0,-0.2143394952894372,,,,,,,,,,,,
season,gbp_0.01,4.545454545454546e-05,B_0.10,2019-20,2010-11,115,1.017126581810083,0.01698157521114045,0.3698510363282087,46,True,False,,366,3,0,0,0.017126581810082975,,,,,,,,,,,,
season,gbp_0.01,4.545454545454546e-05,E,2019-20,2010-11,115,1.001290909090908,0.0012900765841507447,0.0007599844548641377,37,True,False,,115,115,0,0,0.001290909090907899,,,,,,,,,,,,
season,gbp_1,0.004545454545454545,A,2019-20,2010-11,115,1.392719730256703e-05,-11.181666989082846,0.9999860728026975,,False,True,2019-12-01T00:00:00.000000000,128,1,40,3,-0.9999860728026975,,,,,,,,,,,,
season,gbp_1,0.004545454545454545,B_0.25,2019-20,2010-11,115,0.8296661309033855,-0.18673191104013265,0.6944459084033081,46,True,False,,366,3,81,0,-0.17033386909661452,,,,,,,,,,,,
season,gbp_1,0.004545454545454545,B_0.10,2019-20,2010-11,115,1.0634303190281025,0.06149983308668263,0.3515971604626166,45,True,False,,366,3,139,0,0.06343031902810248,,,,,,,,,,,,
season,gbp_1,0.004545454545454545,E,2019-20,2010-11,115,1.1290909090909098,0.1214128037069628,0.07584486278067515,37,True,False,,115,115,0,0,0.1290909090909098,,,,,,,,,,,,
season,none,0.0,A,2021-22,2020-21,123,0.0001449120422754924,-8.839383604599552,0.9999055055559787,,False,False,,347,0,0,0,-0.9998550879577245,,,,,,,,,,,,
season,none,0.0,B_0.25,2021-22,2020-21,123,0.25717907967477754,-1.3579826286718808,0.7736616855851174,,False,False,,347,0,0,0,-0.7428209203252225,,,,,,,,,,,,
season,none,0.0,B_0.10,2021-22,2020-21,123,0.6222677338689127,-0.4743848385520918,0.41001824646483864,,False,False,,347,0,0,0,-0.37773226613108735,,,,,,,,,,,,
season,gbp_0.01,4.545454545454546e-05,A,2021-22,2020-21,123,7.738548077407351e-06,-11.769296474857537,0.9999949538369164,,False,True,2022-05-16T00:00:00.000000000,337,4,29,2,-0.9999922614519225,,,,,,,,,,,,
season,gbp_0.01,4.545454545454546e-05,B_0.25,2021-22,2020-21,123,0.2571752194297255,-1.3579976387342398,0.7736650829118339,,False,False,,351,4,1,0,-0.7428247805702746,,,,,,,,,,,,
season,gbp_0.01,4.545454545454546e-05,B_0.10,2021-22,2020-21,123,0.6222869400447513,-0.47435397421765524,0.4100000367896727,,False,False,,351,4,1,0,-0.37771305995524873,,,,,,,,,,,,
season,gbp_0.01,4.545454545454546e-05,E,2021-22,2020-21,123,0.9985313636363633,-0.001469715867082463,0.0018692777790408899,,False,False,,123,123,0,0,-0.0014686363636366995,,,,,,,,,,,,
season,gbp_1,0.004545454545454545,A,2021-22,2020-21,123,0.002703147610678745,-5.913338403234853,0.9982373277847192,,False,True,2021-12-27T00:00:00.000000000,161,2,50,3,-0.9972968523893213,,,,,,,,,,,,
season,gbp_1,0.004545454545454545,B_0.25,2021-22,2020-21,123,0.24333348096179802,-1.4133224268156734,0.7873483781685835,,False,False,,351,4,101,0,-0.756666519038202,,,,,,,,,,,,
season,gbp_1,0.004545454545454545,B_0.10,2021-22,2020-21,123,0.599064187247462,-0.5123865292662866,0.4368555428004748,,False,False,,351,4,149,0,-0.400935812752538,,,,,,,,,,,,
season,gbp_1,0.004545454545454545,E,2021-22,2020-21,123,0.8531363636363642,-0.15883588068420235,0.18004376367614783,,False,False,,123,123,0,0,-0.14686363636363575,,,,,,,,,,,,
season,none,0.0,A,2022-23,2020-21,117,0.00011216998059116484,-9.095495153337692,0.9999228796229479,,False,False,,346,0,0,0,-0.9998878300194088,,,,,,,,,,,,
season,none,0.0,B_0.25,2022-23,2020-21,117,0.31887326866278093,-1.1429615320518567,0.7640847445190522,,False,False,,346,0,0,0,-0.6811267313372191,,,,,,,,,,,,
season,none,0.0,B_0.10,2022-23,2020-21,117,0.6922137682589345,-0.36786045739949036,0.4052012943929444,,False,False,,346,0,0,0,-0.30778623174106545,,,,,,,,,,,,
season,gbp_0.01,4.545454545454546e-05,A,2022-23,2020-21,117,3.414827726965038e-05,-10.2847984192038,0.9999765219891736,,False,True,2023-04-25T00:00:00.000000000,287,3,30,3,-0.9999658517227303,,,,,,,,,,,,
season,gbp_0.01,4.545454545454546e-05,B_0.25,2022-23,2020-21,117,0.31881146992225856,-1.143155354287129,0.7640986050753307,,False,False,,350,4,1,0,-0.6811885300777414,,,,,,,,,,,,
season,gbp_0.01,4.545454545454546e-05,B_0.10,2022-23,2020-21,117,0.6921300691713778,-0.36798137979665163,0.4052345238030056,,False,False,,350,4,1,0,-0.30786993082862224,,,,,,,,,,,,
season,gbp_0.01,4.545454545454546e-05,E,2022-23,2020-21,117,0.9993040909090936,-0.0006961513480369934,0.0012775732287521047,,False,False,,117,117,0,0,-0.0006959090909064436,,,,,,,,,,,,
season,gbp_1,0.004545454545454545,A,2022-23,2020-21,117,0.004532829126543217,-5.39640900317993,0.9968631733559945,,False,True,2023-01-05T00:00:00.000000000,153,0,30,7,-0.9954671708734568,,,,,,,,,,,,
season,gbp_1,0.004545454545454545,B_0.25,2022-23,2020-21,117,0.2958024314924359,-1.2180635086836578,0.7811251923919025,,False,False,,350,4,85,0,-0.7041975685075641,,,,,,,,,,,,
season,gbp_1,0.004545454545454545,B_0.10,2022-23,2020-21,117,0.6598959785652667,-0.4156730646175931,0.42922891174066813,,False,False,,350,4,138,0,-0.3401040214347333,,,,,,,,,,,,
season,gbp_1,0.004545454545454545,E,2022-23,2020-21,117,0.9304090909090884,-0.07213090685692228,0.1220062478306152,,False,False,,117,117,0,0,-0.06959090909091159,,,,,,,,,,,,
summary,none,0.0,A,,,,,,,,,,,6206,0,0,28,,0.0016354144776618467,2.7750223133254077,19,0.0,0.9990731466509183,0.9999591724137893,0.0,,-111.9996408241033,-0.9983645855223382,-0.9999337757772536,-0.5972522393364244
summary,none,0.0,B_0.25,,,,,,,,,,,6234,0,0,0,,0.5980279353221528,0.49389112700179955,19,0.0,0.5925037217597875,0.7736616855851174,0.21052631578947367,25.0,-10.58001605492385,-0.4019720646778472,-0.7428209203252225,0.16534669225110488
summary,none,0.0,B_0.10,,,,,,,,,,,6234,0,0,0,,0.8389978332427261,0.2013210778325503,19,0.0,0.2661925691296576,0.41001824646483864,0.2631578947368421,30.0,-2.9806494453407595,-0.16100216675727386,-0.3909424147398701,0.1062349979070083
summary,gbp_0.01,4.545454545454546e-05,A,,,,,,,,,,,6150,98,269,37,,0.0018679844432564856,2.548877686920101,15,0.21052631578947367,0.9990240061373921,0.9999976047378365,0.0,,,-0.9981320155567435,-0.9999972468166574,-0.5974327368141191
summary,gbp_0.01,4.545454545454546e-05,B_0.25,,,,,,,,,,,6333,99,11,0,,0.5981352994998975,0.4939384114991067,19,0.0,0.5925287010464595,0.7736650829118339,0.21052631578947367,25.0,-10.580605398510492,-0.4018647005001025,-0.7428247805702746,0.1651612264905462
summary,gbp_0.01,4.545454545454546e-05,B_0.10,,,,,,,,,,,6333,99,16,0,,0.839129051877462,0.20133416599803583,19,0.0,0.2661925691296574,0.4100000367896727,0.2631578947368421,30.0,-2.9809851721256946,-0.160870948122538,-0.3909928013014523,0.10619059684397625
summary,gbp_0.01,4.545454545454546e-05,E,,,,,,,,,,,1963,1963,0,0,,0.9999240909090915,0.0008546035200389724,19,0.0,0.0009870499787989484,0.0018692777790408899,0.3684210526315789,16.0,1.1290401814760401e-05,-7.590909090848807e-05,-0.0014686363636366995,0.001290909090907899
summary,gbp_1,0.004545454545454545,A,,,,,,,,,,,3698,76,966,99,,0.0024709449730239245,1.113156550493712,5,0.7368421052631579,0.9980515690343718,0.9999860728026975,0.0,,,-0.9975290550269761,-0.9999860728026975,-0.6258724103078026
summary,gbp_1,0.004545454545454545,B_0.25,,,,,,,,,,,6333,99,1414,0,,0.572001257597604,0.49638378893082113,19,0.0,0.6034896334667006,0.7873483781685835,0.15789473684210525,32.0,-10.66464788823507,-0.427998742402396,-0.756666519038202,0.10736052145751063
summary,gbp_1,0.004545454545454545,B_0.10,,,,,,,,,,,6333,99,2608,0,,0.8220502177415968,0.20681692982575753,19,0.0,0.29259942701041275,0.4368555428004748,0.2631578947368421,26.0,-3.5023792295038363,-0.1779497822584032,-0.40316253998861673,0.10294747733314935
summary,gbp_1,0.004545454545454545,E,,,,,,,,,,,1963,1963,0,0,,0.9924090909090905,0.0857162687759837,19,0.0,0.09397637795275948,0.18004376367614783,0.3684210526315789,16.0,-0.06417862281542684,-0.007590909090909537,-0.14686363636363575,0.1290909090909098
