level,version,series,method,outcome,bin_lower,bin_upper,count,mean_predicted,observed_frequency,gap,z,matches_used,log_loss,brier,g_hat
reliability,raw,b365_prematch,,all,0.0,0.1,748,0.07802258899689664,0.05614973262032086,-0.02187285637657578,-2.2304165615797777,7220,,,
reliability,raw,b365_prematch,,all,0.1,0.2,2355,0.16198925616762136,0.14861995753715498,-0.013369298630466375,-1.7609060317673237,7220,,,
reliability,raw,b365_prematch,,all,0.2,0.30000000000000004,9524,0.26082128355518147,0.253044939101218,-0.0077763444539634685,-1.728378845606472,7220,,,
reliability,raw,b365_prematch,,all,0.30000000000000004,0.4,2685,0.33604989093834836,0.3329608938547486,-0.003088997083599776,-0.3388597925324206,7220,,,
reliability,raw,b365_prematch,,all,0.4,0.5,2874,0.4524368900559927,0.4592901878914405,0.0068532978354478025,0.7381538564280032,7220,,,
reliability,raw,b365_prematch,,all,0.5,0.6000000000000001,1971,0.542427314347085,0.5560629122272958,0.013635597880210737,1.2151130249209086,7220,,,
reliability,raw,b365_prematch,,all,0.6000000000000001,0.7000000000000001,942,0.6501103050066322,0.6910828025477707,0.04097249754113841,2.636688276991906,7220,,,
reliability,raw,b365_prematch,,all,0.7000000000000001,0.8,551,0.7330247843758503,0.8148820326678766,0.08185724829202634,4.343483122995426,7220,,,
reliability,raw,b365_prematch,,all,0.8,0.9,10,0.8070121300191279,0.8,-0.007012130019127816,-0.05618817450037023,7220,,,
reliability,raw,b365_prematch,,all,0.9,1.0,0,,,,,7220,,,
reliability,raw,b365_prematch,,H,0.0,0.1,0,,,,,7220,,,
reliability,raw,b365_prematch,,H,0.1,0.2,186,0.17602854985144334,0.11827956989247312,-0.057748979958970215,-2.0680124643258346,7220,,,
reliability,raw,b365_prematch,,H,0.2,0.30000000000000004,871,0.25371451698944003,0.2158438576349024,-0.03787065935453762,-2.5685426919988745,7220,,,
reliability,raw,b365_prematch,,H,0.30000000000000004,0.4,933,0.3547979562596703,0.3033226152197213,-0.051475341039948996,-3.2862578199655252,7220,,,
reliability,raw,b365_prematch,,H,0.4,0.5,2086,0.45440957184802827,0.4232981783317354,-0.031111393516292885,-2.8537735569221834,7220,,,
reliability,raw,b365_prematch,,H,0.5,0.6000000000000001,1667,0.5436047009104688,0.5320935812837433,-0.011511119626725463,-0.9435679569445201,7220,,,
reliability,raw,b365_prematch,,H,0.6000000000000001,0.7000000000000001,916,0.6510002947950132,0.6855895196506551,0.034589224855641865,2.1962685556304398,7220,,,
reliability,raw,b365_prematch,,H,0.7000000000000001,0.8,551,0.7330247843758503,0.8148820326678766,0.08185724829202634,4.343483122995426,7220,,,
reliability,raw,b365_prematch,,H,0.8,0.9,10,0.8070121300191279,0.8,-0.007012130019127816,-0.05618817450037023,7220,,,
reliability,raw,b365_prematch,,H,0.9,1.0,0,,,,,7220,,,
reliability,raw,b365_prematch,,D,0.0,0.1,0,,,,,7220,,,
reliability,raw,b365_prematch,,D,0.1,0.2,366,0.18574129793498112,0.11748633879781421,-0.0682549591371669,-3.357680058439708,7220,,,
reliability,raw,b365_prematch,,D,0.2,0.30000000000000004,6124,0.2679635880602423,0.2509797517962116,-0.01698383626403066,-3.000883608056714,7220,,,
reliability,raw,b365_prematch,,D,0.30000000000000004,0.4,730,0.30304739369752054,0.2684931506849315,-0.034554243012589025,-2.0314489515899883,7220,,,
reliability,raw,b365_prematch,,D,0.4,0.5,0,,,,,7220,,,
reliability,raw,b365_prematch,,D,0.5,0.6000000000000001,0,,,,,7220,,,
reliability,raw,b365_prematch,,D,0.6000000000000001,0.7000000000000001,0,,,,,7220,,,
reliability,raw,b365_prematch,,D,0.7000000000000001,0.8,0,,,,,7220,,,
reliability,raw,b365_prematch,,D,0.8,0.9,0,,,,,7220,,,
reliability,raw,b365_prematch,,D,0.9,1.0,0,,,,,7220,,,
reliability,raw,b365_prematch,,A,0.0,0.1,748,0.07802258899689664,0.05614973262032086,-0.02187285637657578,-2.2304165615797777,7220,,,
reliability,raw,b365_prematch,,A,0.1,0.2,1803,0.15571939709272145,0.15806988352745424,0.0023504864347327903,0.2752585703456046,7220,,,
reliability,raw,b365_prematch,,A,0.2,0.30000000000000004,2529,0.24597372360649356,0.2708580466587584,0.024884323052264845,2.905779445613735,7220,,,
reliability,raw,b365_prematch,,A,0.30000000000000004,0.4,1022,0.3425076972407073,0.4060665362035225,0.06355883896281522,4.281745981209699,7220,,,
reliability,raw,b365_prematch,,A,0.4,0.5,788,0.44721479079433496,0.5545685279187818,0.10735373712444679,6.06099589345857,7220,,,
reliability,raw,b365_prematch,,A,0.5,0.6000000000000001,304,0.5359710531590552,0.6875,0.15152894684094476,5.2977223380137834,7220,,,
reliability,raw,b365_prematch,,A,0.6000000000000001,0.7000000000000001,26,0.618755280154443,0.8846153846153846,0.26586010446094155,2.7911197336163007,7220,,,
reliability,raw,b365_prematch,,A,0.7000000000000001,0.8,0,,,,,7220,,,
reliability,raw,b365_prematch,,A,0.8,0.9,0,,,,,7220,,,
reliability,raw,b365_prematch,,A,0.9,1.0,0,,,,,7220,,,
reliability,isotonic,b365_prematch,,all,0.0,0.1,1451,0.05561237556284898,0.11302549965541006,0.05741312409256108,9.54298010441364,7220,,,
reliability,isotonic,b365_prematch,,all,0.1,0.2,3300,0.15744725952666114,0.1706060606060606,0.013158801079399457,2.0754257034873724,7220,,,
reliability,isotonic,b365_prematch,,all,0.2,0.30000000000000004,6065,0.2600531039780995,0.2654575432811212,0.005404439303021702,0.9594773986221093,7220,,,
reliability,isotonic,b365_prematch,,all,0.30000000000000004,0.4,4438,0.3270935301157928,0.3138801261829653,-0.013213403932827494,-1.876268690662929,7220,,,
reliability,isotonic,b365_prematch,,all,0.4,0.5,3190,0.44693733145727593,0.43322884012539187,-0.013708491331884065,-1.5573080017613519,7220,,,
reliability,isotonic,b365_prematch,,all,0.5,0.6000000000000001,1240,0.5509149579715455,0.5653225806451613,0.014407622673615728,1.0199915915339324,7220,,,
reliability,isotonic,b365_prematch,,all,0.6000000000000001,0.7000000000000001,797,0.6591170828358844,0.6398996235884568,-0.019217459247427682,-1.1445670171308016,7220,,,
reliability,isotonic,b365_prematch,,all,0.7000000000000001,0.8,607,0.7450117040579409,0.7199341021416804,-0.025077601916260517,-1.4175509538168827,7220,,,
reliability,isotonic,b365_prematch,,all,0.8,0.9,467,0.868314193177538,0.7944325481798715,-0.07388164499766647,-4.721576845853308,7220,,,
reliability,isotonic,b365_prematch,,all,0.9,1.0,105,0.942490871510052,0.8476190476190476,-0.09487182389100435,-4.175658083815274,7220,,,
reliability,isotonic,b365_prematch,,H,0.0,0.1,137,0.005917631892759326,0.11678832116788321,0.11087068927512388,16.919669383561292,7220,,,
reliability,isotonic,b365_prematch,,H,0.1,0.2,537,0.14630771024720074,0.19180633147113593,0.04549862122393519,2.983328607821747,7220,,,
reliability,isotonic,b365_prematch,,H,0.2,0.30000000000000004,646,0.2666696114553124,0.2848297213622291,0.018160109906916688,1.043753936545394,7220,,,
reliability,isotonic,b365_prematch,,H,0.30000000000000004,0.4,571,0.3095417912199848,0.2732049036777583,-0.036336887542226526,-1.878180964432209,7220,,,
reliability,isotonic,b365_prematch,,H,0.4,0.5,2823,0.45117670462031084,0.434643995749203,-0.01653270887110786,-1.7652647734022315,7220,,,
reliability,isotonic,b365_prematch,,H,0.5,0.6000000000000001,762,0.5600705160162155,0.5446194225721784,-0.015451093444037056,-0.8592584560793212,7220,,,
reliability,isotonic,b365_prematch,,H,0.6000000000000001,0.7000000000000001,637,0.6608196796521781,0.640502354788069,-0.020317324864109088,-1.083127129531903,7220,,,
reliability,isotonic,b365_prematch,,H,0.7000000000000001,0.8,548,0.744572640026095,0.7135036496350365,-0.031068990391058482,-1.6677470298259351,7220,,,
reliability,isotonic,b365_prematch,,H,0.8,0.9,456,0.8691498811664963,0.7916666666666666,-0.07748321449982964,-4.906317542443359,7220,,,
reliability,isotonic,b365_prematch,,H,0.9,1.0,103,0.9429071727224065,0.8446601941747572,-0.0982469785476493,-4.297467200305184,7220,,,
reliability,isotonic,b365_prematch,,D,0.0,0.1,709,0.06243070223763048,0.1622002820874471,0.09976957984981663,10.98045818130107,7220,,,
reliability,isotonic,b365_prematch,,D,0.1,0.2,894,0.17010865463791208,0.19574944071588368,0.0256407860779716,2.040451479847261,7220,,,
reliability,isotonic,b365_prematch,,D,0.2,0.30000000000000004,2591,0.2728152774699901,0.2570436125048244,-0.015771664965165744,-1.8024139201962286,7220,,,
reliability,isotonic,b365_prematch,,D,0.30000000000000004,0.4,2817,0.31845147464173673,0.2690805821796237,-0.049370892462113014,-5.624635427687097,7220,,,
reliability,isotonic,b365_prematch,,D,0.4,0.5,205,0.4053876714652311,0.2975609756097561,-0.107826695855475,-3.144495695777063,7220,,,
reliability,isotonic,b365_prematch,,D,0.5,0.6000000000000001,4,0.5829680586527974,0.25,-0.33296805865279744,-1.3505962195894188,7220,,,
reliability,isotonic,b365_prematch,,D,0.6000000000000001,0.7000000000000001,0,,,,,7220,,,
reliability,isotonic,b365_prematch,,D,0.7000000000000001,0.8,0,,,,,7220,,,
reliability,isotonic,b365_prematch,,D,0.8,0.9,0,,,,,7220,,,
reliability,isotonic,b365_prematch,,D,0.9,1.0,0,,,,,7220,,,
reliability,isotonic,b365_prematch,,A,0.0,0.1,605,0.058875162786621214,0.05454545454545454,-0.0043297082411666715,-0.4524250484816759,7220,,,
reliability,isotonic,b365_prematch,,A,0.1,0.2,1869,0.154591534932553,0.15248796147672553,-0.0021035734558274843,-0.2515568697687859,7220,,,
reliability,isotonic,b365_prematch,,A,0.2,0.30000000000000004,2828,0.2468490532893555,0.26874115983026875,0.021892106540913253,2.700041935609933,7220,,,
reliability,isotonic,b365_prematch,,A,0.30000000000000004,0.4,1050,0.35982373314429006,0.4561904761904762,0.09636674304618614,6.50619601623986,7220,,,
reliability,isotonic,b365_prematch,,A,0.4,0.5,162,0.4256406021925943,0.5802469135802469,0.15460631138765263,3.979892447746702,7220,,,
reliability,isotonic,b365_prematch,,A,0.5,0.6000000000000001,474,0.5359260389150826,0.6012658227848101,0.0653397838697275,2.852468351830024,7220,,,
reliability,isotonic,b365_prematch,,A,0.6000000000000001,0.7000000000000001,160,0.6523386192610151,0.6375,-0.014838619261015151,-0.3941292914253849,7220,,,
reliability,isotonic,b365_prematch,,A,0.7000000000000001,0.8,59,0.7490897903198314,0.7796610169491526,0.030571226629321213,0.5416425383996994,7220,,,
reliability,isotonic,b365_prematch,,A,0.8,0.9,11,0.8336711274534508,0.9090909090909091,0.07541978163745822,0.6717387642302216,7220,,,
reliability,isotonic,b365_prematch,,A,0.9,1.0,2,0.9210513590737801,1.0,0.07894864092621989,0.4140429584337496,7220,,,
reliability,platt,b365_prematch,,all,0.0,0.1,628,0.08216096368563829,0.09076433121019108,0.00860336752455279,0.7851131890170862,7220,,,
reliability,platt,b365_prematch,,all,0.1,0.2,3419,0.15585414577716047,0.14975138929511553,-0.0061027564820449465,-0.98380191942054,7220,,,
reliability,platt,b365_prematch,,all,0.2,0.30000000000000004,6901,0.25439715638075017,0.2621359223300971,0.007738765949346915,1.4761069386127796,7220,,,
reliability,platt,b365_prematch,,all,0.30000000000000004,0.4,4756,0.3334423384909742,0.3116063919259882,-0.021835946564985997,-3.1942118167302676,7220,,,
reliability,platt,b365_prematch,,all,0.4,0.5,2580,0.4501647609194287,0.4693798449612403,0.019215084041811603,1.9617791226216368,7220,,,
reliability,platt,b365_prematch,,all,0.5,0.6000000000000001,1632,0.543600721846788,0.5435049019607843,-9.581988600371183e-05,-0.007771471170172345,7220,,,
reliability,platt,b365_prematch,,all,0.6000000000000001,0.7000000000000001,802,0.6463311328577276,0.6583541147132169,0.012022981855489334,0.7121531872053934,7220,,,
reliability,platt,b365_prematch,,all,0.7000000000000001,0.8,686,0.7476957513771848,0.7580174927113703,0.010321741334185508,0.6224296763224316,7220,,,
reliability,platt,b365_prematch,,all,0.8,0.9,248,0.8344760926024001,0.8387096774193549,0.004233584816954794,0.17938940568633568,7220,,,
reliability,platt,b365_prematch,,all,0.9,1.0,8,0.9103332698189599,0.75,-0.1603332698189599,-1.5872771674699306,7220,,,
reliability,platt,b365_prematch,,H,0.0,0.1,5,0.09058189045959689,0.0,-0.09058189045959689,-0.7057061353774731,7220,,,
reliability,platt,b365_prematch,,H,0.1,0.2,379,0.1666736546075251,0.1424802110817942,-0.024193443525730884,-1.2637939064486534,7220,,,
reliability,platt,b365_prematch,,H,0.2,0.30000000000000004,866,0.24897988355684272,0.23672055427251731,-0.01225932928432541,-0.8342913515095628,7220,,,
reliability,platt,b365_prematch,,H,0.30000000000000004,0.4,1030,0.35463277208465066,0.33980582524271846,-0.014826946841932198,-0.9946664179368483,7220,,,
reliability,platt,b365_prematch,,H,0.4,0.5,1883,0.45164739550043465,0.4269782262347318,-0.02466916926570284,-2.1510473703341852,7220,,,
reliability,platt,b365_prematch,,H,0.5,0.6000000000000001,1376,0.5442017207107672,0.5225290697674418,-0.021672650943325378,-1.6141911329949465,7220,,,
reliability,platt,b365_prematch,,H,0.6000000000000001,0.7000000000000001,743,0.6472044234447453,0.6541049798115747,0.006900556366829402,0.3936372694597527,7220,,,
reliability,platt,b365_prematch,,H,0.7000000000000001,0.8,682,0.747858437051238,0.7565982404692082,0.008739803417970204,0.5256079585765618,7220,,,
reliability,platt,b365_prematch,,H,0.8,0.9,248,0.8344760926024001,0.8387096774193549,0.004233584816954794,0.17938940568633568,7220,,,
reliability,platt,b365_prematch,,H,0.9,1.0,8,0.9103332698189599,0.75,-0.1603332698189599,-1.5872771674699306,7220,,,
reliability,platt,b365_prematch,,D,0.0,0.1,226,0.07472108984060417,0.13716814159292035,0.06244705175231617,3.570328924797905,7220,,,
reliability,platt,b365_prematch,,D,0.1,0.2,1065,0.1549564225241849,0.18309859154929578,0.02814216902511088,2.537979019922658,7220,,,
reliability,platt,b365_prematch,,D,0.2,0.30000000000000004,3220,0.26447552407986635,0.2608695652173913,-0.003605958862475056,-0.46393527592324457,7220,,,
reliability,platt,b365_prematch,,D,0.30000000000000004,0.4,2709,0.3218814410208078,0.26208933185677374,-0.059792109164034046,-6.661125133406019,7220,,,
reliability,platt,b365_prematch,,D,0.4,0.5,0,,,,,7220,,,
reliability,platt,b365_prematch,,D,0.5,0.6000000000000001,0,,,,,7220,,,
reliability,platt,b365_prematch,,D,0.6000000000000001,0.7000000000000001,0,,,,,7220,,,
reliability,platt,b365_prematch,,D,0.7000000000000001,0.8,0,,,,,7220,,,
reliability,platt,b365_prematch,,D,0.8,0.9,0,,,,,7220,,,
reliability,platt,b365_prematch,,D,0.9,1.0,0,,,,,7220,,,
reliability,platt,b365_prematch,,A,0.0,0.1,397,0.08629020009648947,0.0654911838790932,-0.02079901621739627,-1.475887204082438,7220,,,
reliability,platt,b365_prematch,,A,0.1,0.2,1975,0.15426198446967232,0.1331645569620253,-0.02109742750764701,-2.5957667798770014,7220,,,
reliability,platt,b365_prematch,,A,0.2,0.30000000000000004,2815,0.24453534972865412,0.2714031971580817,0.026867847429427577,3.3166082348032093,7220,,,
reliability,platt,b365_prematch,,A,0.30000000000000004,0.4,1017,0.3427759910427875,0.41494591937069814,0.07216992832791064,4.8490296847143295,7220,,,
reliability,platt,b365_prematch,,A,0.4,0.5,697,0.4461593076683037,0.5839311334289814,0.1377718257606777,7.3171067873387665,7220,,,
reliability,platt,b365_prematch,,A,0.5,0.6000000000000001,256,0.5403703529528995,0.65625,0.11587964704710052,3.720294949357031,7220,,,
reliability,platt,b365_prematch,,A,0.6000000000000001,0.7000000000000001,59,0.6353335920754538,0.711864406779661,0.0765308147042072,1.221275243626707,7220,,,
reliability,platt,b365_prematch,,A,0.7000000000000001,0.8,4,0.7199578439511155,1.0,0.2800421560488845,1.2473495311085427,7220,,,
reliability,platt,b365_prematch,,A,0.8,0.9,0,,,,,7220,,,
reliability,platt,b365_prematch,,A,0.9,1.0,0,,,,,7220,,,
score,raw,b365_prematch,proportional,,,,,,,,,7220,0.9795355869119752,0.5834368239169947,-0.021428783628368676
score,raw,b365_prematch,additive,,,,,,,,,7220,0.9795355869119752,0.5834368239169947,-0.022400996133255628
score,raw,b365_prematch,power,,,,,,,,,7220,0.9795355869119752,0.5834368239169947,-0.022401800099292452
score,raw,pinnacle_closing,proportional,,,,,,,,,3800,0.9812287209704819,0.5832084956120244,-0.0314740559861005
score,raw,pinnacle_closing,additive,,,,,,,,,3800,0.9812287209704819,0.5832084956120244,-0.03157221736867687
score,raw,pinnacle_closing,power,,,,,,,,,3800,0.9812287209704819,0.5832084956120244,-0.03167228878051431
score,isotonic,b365_prematch,proportional,,,,,,,,,7220,1.0139312549793509,0.5862914148864964,-0.05582445169574437
score,isotonic,b365_prematch,additive,,,,,,,,,7220,1.0139312549793509,0.5862914148864964,-0.05679666420063132
score,isotonic,b365_prematch,power,,,,,,,,,7220,1.0139312549793509,0.5862914148864964,-0.05679746816666814
score,isotonic,pinnacle_closing,proportional,,,,,,,,,3800,0.9913590185912674,0.5844441425943226,-0.04160435360688599
score,isotonic,pinnacle_closing,additive,,,,,,,,,3800,0.9913590185912674,0.5844441425943226,-0.04170251498946237
score,isotonic,pinnacle_closing,power,,,,,,,,,3800,0.9913590185912674,0.5844441425943226,-0.04180258640129981
score,platt,b365_prematch,proportional,,,,,,,,,7220,0.9823399441564266,0.5841713979150547,-0.024233140872819983
score,platt,b365_prematch,additive,,,,,,,,,7220,0.9823399441564266,0.5841713979150547,-0.02520535337770694
score,platt,b365_prematch,power,,,,,,,,,7220,0.9823399441564266,0.5841713979150547,-0.025206157343743756
score,platt,pinnacle_closing,proportional,,,,,,,,,3800,0.9809272235574776,0.5835218331388183,-0.03117255857309635
score,platt,pinnacle_closing,additive,,,,,,,,,3800,0.9809272235574776,0.5835218331388183,-0.03127071995567273
score,platt,pinnacle_closing,power,,,,,,,,,3800,0.9809272235574776,0.5835218331388183,-0.03137079136751017
score,market,b365_prematch,proportional,,,,,,,,,7220,0.9581068032836065,0.5685149717326939,
score,market,b365_prematch,additive,,,,,,,,,7220,0.9571345907787194,0.5679768822482822,
score,market,b365_prematch,power,,,,,,,,,7220,0.9571337868126827,0.5679470358041787,
score,market,pinnacle_closing,proportional,,,,,,,,,3800,0.9497546649843813,0.5614386644137858,
score,market,pinnacle_closing,additive,,,,,,,,,3800,0.949656503601805,0.5613022088187554,
score,market,pinnacle_closing,power,,,,,,,,,3800,0.9495564321899674,0.5612692530772928,
