experiment,config_id,initial_ratio,min_stake,horizon,with_floor,m_replicas,ev_true,lam,edge_est,p_true,p_hat,odds,f_star,f_desired,b1_ratio,b2_ratio,ruin_rate,note_ruin_rate,mc_tol_99,within_tolerance,mu,bound_limit,mean_ruin_time,median_ruin_time,censored_count,acceleration_factor,note_acceleration_factor,p_regime_0,p_regime_1,p_regime_2,p_regime_3
A,A_ratio_1000_floor,1000.0,0.001,150,True,10000,-0.02,0.25,0.03,0.392,0.41200000000000003,2.5,0.02000000000000009,0.005000000000000023,199.9999999999991,24.999999999999886,0.0,0.0,0.0,True,,,,,,,,1.0,0.0,0.0,0.0
A,A_ratio_1000_nofloor,1000.0,0.0,150,False,10000,-0.02,0.25,0.03,0.392,0.41200000000000003,2.5,0.02000000000000009,0.005000000000000023,199.9999999999991,24.999999999999886,0.0,0.0,0.0,True,,,,,,,,,,,
A,A_ratio_1000_floor,1000.0,0.001,400,True,10000,-0.02,0.25,0.03,0.392,0.41200000000000003,2.5,0.02000000000000009,0.005000000000000023,199.9999999999991,24.999999999999886,0.0,0.0,0.0,True,,,,,,,,1.0,0.0,0.0,0.0
A,A_ratio_1000_nofloor,1000.0,0.0,400,False,10000,-0.02,0.25,0.03,0.392,0.41200000000000003,2.5,0.02000000000000009,0.005000000000000023,199.9999999999991,24.999999999999886,0.0,0.0,0.0,True,,,,,,,,,,,
A,A_ratio_1000_floor,1000.0,0.001,1000,True,10000,-0.02,0.25,0.03,0.392,0.41200000000000003,2.5,0.02000000000000009,0.005000000000000023,199.9999999999991,24.999999999999886,0.0,0.0,0.0,True,,,,,,,,1.0,0.0,0.0,0.0
A,A_ratio_1000_nofloor,1000.0,0.0,1000,False,10000,-0.02,0.25,0.03,0.392,0.41200000000000003,2.5,0.02000000000000009,0.005000000000000023,199.9999999999991,24.999999999999886,0.0,0.0,0.0,True,,,,,,,,,,,
A,A_ratio_1000_floor,1000.0,0.001,3000,True,10000,-0.02,0.25,0.03,0.392,0.41200000000000003,2.5,0.02000000000000009,0.005000000000000023,199.9999999999991,24.999999999999886,0.0,0.0,0.0,True,,,,,,,,0.9999728757080973,2.71242919026991e-05,0.0,0.0
A,A_ratio_1000_nofloor,1000.0,0.0,3000,False,10000,-0.02,0.25,0.03,0.392,0.41200000000000003,2.5,0.02000000000000009,0.005000000000000023,199.9999999999991,24.999999999999886,0.0,0.0,0.0,True,,,,,,,,,,,
A,A_ratio_50_floor,50.0,0.02,150,True,10000,-0.02,0.25,0.03,0.392,0.41200000000000003,2.5,0.02000000000000009,0.005000000000000023,199.9999999999991,24.999999999999886,0.0018,0.00149,0.0010659740672157045,True,,,,,,,,0.0,0.9796933774834438,0.0200364238410596,0.0002701986754966887
A,A_ratio_50_nofloor,50.0,0.0,150,False,10000,-0.02,0.25,0.03,0.392,0.41200000000000003,2.5,0.02000000000000009,0.005000000000000023,199.9999999999991,24.999999999999886,0.0,0.0,0.0,True,,,,,,,,,,,
A,A_ratio_50_floor,50.0,0.02,400,True,10000,-0.02,0.25,0.03,0.392,0.41200000000000003,2.5,0.02000000000000009,0.005000000000000023,199.9999999999991,24.999999999999886,0.0805,0.07616,0.007268439335612224,True,,,,,,,,0.0,0.8911418952618454,0.08901670822942644,0.01984139650872818
A,A_ratio_50_nofloor,50.0,0.0,400,False,10000,-0.02,0.25,0.03,0.392,0.41200000000000003,2.5,0.02000000000000009,0.005000000000000023,199.9999999999991,24.999999999999886,0.0,0.0,0.0,True,,,,,,,,,,,
A,A_ratio_50_floor,50.0,0.02,1000,True,10000,-0.02,0.25,0.03,0.392,0.41200000000000003,2.5,0.02000000000000009,0.005000000000000023,199.9999999999991,24.999999999999886,0.3567,0.3576,0.013094734849549266,True,,,,,,,,0.0,0.7348458541458541,0.12161248751248752,0.14354165834165833
A,A_ratio_50_nofloor,50.0,0.0,1000,False,10000,-0.02,0.25,0.03,0.392,0.41200000000000003,2.5,0.02000000000000009,0.005000000000000023,199.9999999999991,24.999999999999886,0.0,0.0,0.0,True,,,,,,,,,,,
B,B_ratio_1.0000e+01,10.0,0.1,150,True,10000,-0.02,0.25,0.03,0.392,0.41200000000000003,2.5,0.02000000000000009,0.005000000000000023,199.9999999999991,24.999999999999886,0.591,,,,,,,,,,,,,,
B,B_ratio_1.0000e+01,10.0,0.1,1000,True,10000,-0.02,0.25,0.03,0.392,0.41200000000000003,2.5,0.02000000000000009,0.005000000000000023,199.9999999999991,24.999999999999886,0.8914,,,,,,,,,,,,,,
B,B_ratio_3.1623e+01,31.622776601683793,0.03162277660168379,150,True,10000,-0.02,0.25,0.03,0.392,0.41200000000000003,2.5,0.02000000000000009,0.005000000000000023,199.9999999999991,24.999999999999886,0.0501,,,,,,,,,,,,,,
B,B_ratio_3.1623e+01,31.622776601683793,0.03162277660168379,1000,True,10000,-0.02,0.25,0.03,0.392,0.41200000000000003,2.5,0.02000000000000009,0.005000000000000023,199.9999999999991,24.999999999999886,0.5963,,,,,,,,,,,,,,
B,B_ratio_1.0000e+02,100.0,0.01,150,True,10000,-0.02,0.25,0.03,0.392,0.41200000000000003,2.5,0.02000000000000009,0.005000000000000023,199.9999999999991,24.999999999999886,0.0,,,,,,,,,,,,,,
B,B_ratio_1.0000e+02,100.0,0.01,1000,True,10000,-0.02,0.25,0.03,0.392,0.41200000000000003,2.5,0.02000000000000009,0.005000000000000023,199.9999999999991,24.999999999999886,0.0331,,,,,,,,,,,,,,
B,B_ratio_3.1623e+02,316.22776601683796,0.003162277660168379,150,True,10000,-0.02,0.25,0.03,0.392,0.41200000000000003,2.5,0.02000000000000009,0.005000000000000023,199.9999999999991,24.999999999999886,0.0,,,,,,,,,,,,,,
B,B_ratio_3.1623e+02,316.22776601683796,0.003162277660168379,1000,True,10000,-0.02,0.25,0.03,0.392,0.41200000000000003,2.5,0.02000000000000009,0.005000000000000023,199.9999999999991,24.999999999999886,0.0,,,,,,,,,,,,,,
B,B_ratio_1.0000e+03,1000.0,0.001,150,True,10000,-0.02,0.25,0.03,0.392,0.41200000000000003,2.5,0.02000000000000009,0.005000000000000023,199.9999999999991,24.999999999999886,0.0,,,,,,,,,,,,,,
B,B_ratio_1.0000e+03,1000.0,0.001,1000,True,10000,-0.02,0.25,0.03,0.392,0.41200000000000003,2.5,0.02000000000000009,0.005000000000000023,199.9999999999991,24.999999999999886,0.0,,,,,,,,,,,,,,
B,B_ratio_3.1623e+03,3162.2776601683795,0.00031622776601683794,150,True,10000,-0.02,0.25,0.03,0.392,0.41200000000000003,2.5,0.02000000000000009,0.005000000000000023,199.99999999999912,24.99999999999989,0.0,,,,,,,,,,,,,,
B,B_ratio_3.1623e+03,3162.2776601683795,0.00031622776601683794,1000,True,10000,-0.02,0.25,0.03,0.392,0.41200000000000003,2.5,0.02000000000000009,0.005000000000000023,199.99999999999912,24.99999999999989,0.0,,,,,,,,,,,,,,
B,B_ratio_1.0000e+04,10000.0,0.0001,150,True,10000,-0.02,0.25,0.03,0.392,0.41200000000000003,2.5,0.02000000000000009,0.005000000000000023,199.9999999999991,24.999999999999886,0.0,,,,,,,,,,,,,,
B,B_ratio_1.0000e+04,10000.0,0.0001,1000,True,10000,-0.02,0.25,0.03,0.392,0.41200000000000003,2.5,0.02000000000000009,0.005000000000000023,199.9999999999991,24.999999999999886,0.0,,,,,,,,,,,,,,
B,B_ratio_3.1623e+04,31622.776601683792,3.1622776601683795e-05,150,True,10000,-0.02,0.25,0.03,0.392,0.41200000000000003,2.5,0.02000000000000009,0.005000000000000023,199.9999999999991,24.999999999999886,0.0,,,,,,,,,,,,,,
B,B_ratio_3.1623e+04,31622.776601683792,3.1622776601683795e-05,1000,True,10000,-0.02,0.25,0.03,0.392,0.41200000000000003,2.5,0.02000000000000009,0.005000000000000023,199.9999999999991,24.999999999999886,0.0,,,,,,,,,,,,,,
B,B_ratio_1.0000e+05,100000.0,1e-05,150,True,10000,-0.02,0.25,0.03,0.392,0.41200000000000003,2.5,0.02000000000000009,0.005000000000000023,199.9999999999991,24.999999999999886,0.0,,,,,,,,,,,,,,
B,B_ratio_1.0000e+05,100000.0,1e-05,1000,True,10000,-0.02,0.25,0.03,0.392,0.41200000000000003,2.5,0.02000000000000009,0.005000000000000023,199.9999999999991,24.999999999999886,0.0,,,,,,,,,,,,,,
B,B_ratio_3.1623e+05,316227.7660168379,3.1622776601683796e-06,150,True,10000,-0.02,0.25,0.03,0.392,0.41200000000000003,2.5,0.02000000000000009,0.005000000000000023,199.9999999999991,24.999999999999886,0.0,,,,,,,,,,,,,,
B,B_ratio_3.1623e+05,316227.7660168379,3.1622776601683796e-06,1000,True,10000,-0.02,0.25,0.03,0.392,0.41200000000000003,2.5,0.02000000000000009,0.005000000000000023,199.9999999999991,24.999999999999886,0.0,,,,,,,,,,,,,,
B,B_ratio_1.0000e+06,1000000.0,1e-06,150,True,10000,-0.02,0.25,0.03,0.392,0.41200000000000003,2.5,0.02000000000000009,0.005000000000000023,199.9999999999991,24.999999999999886,0.0,,,,,,,,,,,,,,
B,B_ratio_1.0000e+06,1000000.0,1e-06,1000,True,10000,-0.02,0.25,0.03,0.392,0.41200000000000003,2.5,0.02000000000000009,0.005000000000000023,199.9999999999991,24.999999999999886,0.0,,,,,,,,,,,,,,
B,B_ratio_3.1623e+06,3162277.6601683795,3.162277660168379e-07,150,True,10000,-0.02,0.25,0.03,0.392,0.41200000000000003,2.5,0.02000000000000009,0.005000000000000023,199.9999999999991,24.999999999999886,0.0,,,,,,,,,,,,,,
B,B_ratio_3.1623e+06,3162277.6601683795,3.162277660168379e-07,1000,True,10000,-0.02,0.25,0.03,0.392,0.41200000000000003,2.5,0.02000000000000009,0.005000000000000023,199.9999999999991,24.999999999999886,0.0,,,,,,,,,,,,,,
B,B_ratio_1.0000e+07,10000000.0,1e-07,150,True,10000,-0.02,0.25,0.03,0.392,0.41200000000000003,2.5,0.02000000000000009,0.005000000000000023,199.99999999999912,24.99999999999989,0.0,,,,,,,,,,,,,,
B,B_ratio_1.0000e+07,10000000.0,1e-07,1000,True,10000,-0.02,0.25,0.03,0.392,0.41200000000000003,2.5,0.02000000000000009,0.005000000000000023,199.99999999999912,24.99999999999989,0.0,,,,,,,,,,,,,,
B,B_ratio_2.2000e+02,220.0,0.004545454545454545,150,True,10000,-0.02,0.25,0.03,0.392,0.41200000000000003,2.5,0.02000000000000009,0.005000000000000023,199.9999999999991,24.999999999999886,0.0,,,,,,,,,,,,,,
B,B_ratio_2.2000e+02,220.0,0.004545454545454545,1000,True,10000,-0.02,0.25,0.03,0.392,0.41200000000000003,2.5,0.02000000000000009,0.005000000000000023,199.9999999999991,24.999999999999886,0.0,,,,,,,,,,,,,,
B,B_ratio_2.2000e+04,22000.0,4.545454545454545e-05,150,True,10000,-0.02,0.25,0.03,0.392,0.41200000000000003,2.5,0.02000000000000009,0.005000000000000023,199.9999999999991,24.999999999999886,0.0,,,,,,,,,,,,,,
B,B_ratio_2.2000e+04,22000.0,4.545454545454545e-05,1000,True,10000,-0.02,0.25,0.03,0.392,0.41200000000000003,2.5,0.02000000000000009,0.005000000000000023,199.9999999999991,24.999999999999886,0.0,,,,,,,,,,,,,,
C,C_a,50.0,0.02,65973,True,1000,-0.02,0.25,0.03,0.392,0.41200000000000003,2.5,0.02000000000000009,0.005000000000000023,199.9999999999991,24.999999999999886,1.0,,,,-0.00011859561194411169,32986.237359875435,2480.824,1427.0,0,13.296484297102669,23.0,,,,
C,C_b,220.0,0.004545454545454545,9141,True,1000,-0.04,1.0,0.1,0.384,0.44000000000000006,2.5,0.0666666666666668,0.0666666666666668,14.99999999999997,7.499999999999985,1.0,,,,-0.005900499791101389,914.0967269393947,688.748,602.5,0,1.3271860345719981,1.3,,,,
C,C_c,200.0,0.005,8194,True,1000,-0.05,1.0,0.03,0.38,0.41200000000000003,2.5,0.02000000000000009,0.02000000000000009,49.99999999999977,24.999999999999886,1.0,,,,-0.0012933336850751743,4096.63602494052,1990.65,1834.0,0,2.0579388767189206,2.2,,,,
