lambda,f,median_growth_rate,analytic_growth_rate,median_final_wealth,mean_final_wealth_mc,mean_final_wealth_analytic,drawdown_median,drawdown_p95,fraction_below_start
0.0,0.0,0.0,0.0,1.0,1.0,1.0,0.0,0.0,0.0
0.05,0.009999999999999998,0.0019500641705002973,0.001950064170500275,7.029138629459633,7.349055546288265,7.374312390354616,0.10555668120074979,0.16000209779356878,0.0
0.1,0.019999999999999997,0.0038004934507000587,0.0038004934507000505,44.72324776720377,53.7671653296301,54.164259360432794,0.2024658155327923,0.3008352742572834,0.0
0.15000000000000002,0.03,0.00555159835104315,0.005551598351043225,257.64904058247254,391.437323041554,396.260442258645,0.29174830001033536,0.42371837169713916,0.0
0.2,0.039999999999999994,0.007203630083866813,0.007203630083866729,1344.3018462717678,2834.270681938623,2887.5672632098995,0.3729042475385762,0.5280153027649404,0.0
0.25,0.04999999999999999,0.00875678074663913,0.008756780746638989,6353.624691803132,20387.191021892675,20959.155637813845,0.44803122474966317,0.6169522263579567,0.0
0.30000000000000004,0.06,0.010211183387150671,0.01021118338715048,27205.743474673574,145337.21907361477,151534.84314948623,0.5168914375566431,0.6921397119048347,0.0
0.35000000000000003,0.06999999999999999,0.01156691195035472,0.01156691195035477,105547.03377828943,1022710.680216604,1091327.2445248088,0.5793772584641983,0.7545135086340534,0.0
0.4,0.07999999999999999,0.012823981106056447,0.012823981106056627,371008.8167219725,7063366.096129547,7829029.8316793125,0.6359339976554841,0.8052009290943456,0.0
0.45,0.08999999999999998,0.013982345956134654,0.013982345956134921,1181559.7624023373,47544591.32218577,55947154.20968809,0.6863295048739442,0.8486160514989094,0.0
0.5,0.09999999999999998,0.015041901619464558,0.015041901619464441,3408904.7823162586,309477887.1766939,398264651.6581365,0.7314123210087011,0.8832531867347672,0.0
0.55,0.10999999999999999,0.016002482692165015,0.016002482692164983,8908199.406080276,1932482200.6540835,2824202276.0612164,0.7715990846903082,0.9111833126831637,0.0
0.6000000000000001,0.12,0.016863862580248013,0.016863862580248003,21080575.462565623,11486478055.75314,19950631168.808,0.8062043198789359,0.9332079512515435,0.0
0.65,0.12999999999999998,0.017625752701146327,0.0176257527011464,45161373.06102374,64522992669.59179,140397952988.49548,0.8382394508749847,0.9511035386563789,0.0
0.7000000000000001,0.13999999999999999,0.018287801550008864,0.018287801550008927,87557085.99827231,340316167001.94,984270931482.9978,0.8650828753522483,0.9647897245455332,0.0
0.75,0.14999999999999997,0.01884959362598536,0.01884959362598526,153558725.13304842,1675763933748.1504,6874240231169.627,0.8889010454845283,0.9751738630991543,0.0
0.8,0.15999999999999998,0.019310648213052794,0.019310648213052867,243505043.56202295,7665785171761.616,47829659726645.56,0.9094484951039907,0.9829095264451038,0.0
0.8500000000000001,0.16999999999999998,0.01967041800920131,0.019670418009201468,348942604.35316646,32439021731442.715,331542156446663.06,0.9268609418675289,0.9886128763241937,0.0
0.9,0.17999999999999997,0.019928287597008914,0.019928287597008723,451591061.4654021,126521655326025.27,2289577819746213.5,0.9415758797475506,0.9924380551291787,0.0003
0.9500000000000001,0.18999999999999997,0.020083571747801773,0.020083571747801773,527453753.19442487,453409540717372.44,1.575264596258779e+16,0.9535919769823258,0.9950950616650909,0.0005
1.0,0.19999999999999996,0.020135513550689214,0.020135513550688863,555574655.1310416,1488920225402724.2,1.0797899941665877e+17,0.9636512617401594,0.9969384121264767,0.0008
1.05,0.20999999999999996,0.020083282356762013,0.020083282356761878,527301134.8886123,4469717800553695.0,7.374268790623831e+17,0.9722685767337198,0.9981401651555628,0.0011
1.1,0.21999999999999997,0.019925971527699347,0.019925971527699246,450546355.5401312,1.224062470892532e+16,5.017630380758286e+18,0.9791975694607551,0.9988902151783815,0.0027
1.1500000000000001,0.22999999999999998,0.01966259597683276,0.01966259597683266,346223811.1137598,3.052213426585115e+16,3.4016100914697028e+19,0.984532874916911,0.999383349770334,0.0042
1.2000000000000002,0.24,0.019292089489463263,0.019292089489463163,239027577.3075253,6.91751142490422e+16,2.2976435148831228e+20,0.98874561510919,0.999667529872035,0.006
1.25,0.24999999999999994,0.018813301807813546,0.018813301807813487,148085713.2711758,1.4226166157449861e+17,1.5463189207319925e+21,0.9919394057603697,0.9998313024157187,0.0098
1.3,0.25999999999999995,0.018224995464463715,0.018224995464463323,82227097.9503035,2.6505489914763526e+17,1.0369070271646476e+22,0.9944099990212241,0.999916336784227,0.0141
1.35,0.26999999999999996,0.017525842346419608,0.01752584234641985,40867363.597267725,4.4669933570642797e+17,6.928047817508462e+22,0.9962474792910567,0.9999609872023704,0.0237
1.4000000000000001,0.27999999999999997,0.016714419970101105,0.016714419970101035,18154335.671151377,6.79910336971519e+17,4.6123069056042705e+23,0.9975025570702201,0.9999844414610748,0.031
1.4500000000000002,0.29,0.015789207445438144,0.015789207445438047,7197234.7336101085,9.331791812665695e+17,3.059621465571138e+24,0.9984408749948364,0.9999938062367429,0.047
1.5,0.29999999999999993,0.014748581105001811,0.014748581105001629,2542303.4675077847,1.1530893396454323e+18,2.022391655906834e+25,0.9990527371100056,0.9999978414496237,0.0691
1.55,0.30999999999999994,0.013590809771503244,0.01359080977150337,798755.1813717582,1.2806593176074877e+18,1.3320384018255205e+26,0.9994483686238582,0.9999993134752684,0.0892
1.6,0.31999999999999995,0.012314049634173761,0.01231404963417379,222804.4219863385,1.2762633660382477e+18,8.742345360986257e+26,0.9996949741715988,0.9999998098560047,0.1207
1.6500000000000001,0.32999999999999996,0.010916338701347353,0.010916338701347367,55068.80604527485,1.1392427896047949e+18,5.717480479909823e+27,0.9998423416343165,0.9999999542980128,0.1599
1.7000000000000002,0.33999999999999997,0.009395590793025623,0.009395590793025599,12035.197890826632,9.092014554070273e+17,3.7260844395332983e+28,0.9999227175970211,0.9999999905223929,0.1932
1.75,0.3499999999999999,0.007749589033221178,0.007749589033221149,2320.618521496638,6.474872968855995e+17,2.419790042210278e+29,0.9999658531297251,0.9999999983285449,0.2474
1.8,0.35999999999999993,0.005975978797408551,0.005975978797408604,393.85341519024996,4.1062538505891136e+17,1.5659769192411174e+30,0.9999860813199997,0.9999999997244001,0.3119
1.85,0.36999999999999994,0.004072260065396681,0.0040722600653966545,58.68945482093582,2.3140480728130397e+17,1.009906956020463e+31,0.999994838137451,0.9999999999674513,0.3602
1.9000000000000001,0.37999999999999995,0.0020357791242681016,0.0020357791242680556,7.658216504009547,1.1561867412358037e+17,6.490398018342297e+31,0.9999983253897406,0.99999999999654,0.4365
1.9500000000000002,0.38999999999999996,-0.00013628044035176456,-0.00013628044035182696,0.8725978865137568,5.109444922237233e+16,4.156816475517226e+32,0.9999995154907337,0.9999999999996795,0.5121
2.0,0.3999999999999999,-0.0024469075336684804,-0.0024469075336684964,0.08656085956372021,1.9920968125900756e+16,2.653111407564208e+33,0.9999998786104521,0.9999999999999784,0.5666
2.0500000000000003,0.41,-0.004899274198902657,-0.004899274198902598,0.007451989770945728,6833987369354215.0,1.6875660141442561e+34,0.9999999745493056,0.9999999999999986,0.6421
2.1,0.41999999999999993,-0.00749674720876713,-0.007496747208767196,0.0005548863673095143,2056985865544806.0,1.0697497714459553e+35,0.9999999957180588,0.9999999999999999,0.7105
2.15,0.4299999999999999,-0.010242900698326939,-0.010242900698326923,3.5609407538128404e-05,541593540959071.3,6.758109944497686e+35,0.9999999993877653,1.0,0.7743
2.2,0.43999999999999995,-0.013141529948431185,-0.01314152994843129,1.962031879600015e-06,124340342687121.52,4.25495882856378e+36,0.9999999999289882,1.0,0.8125
2.25,0.4499999999999999,-0.016196666442758346,-0.016196666442758384,9.244366150831094e-08,24806888335663.26,2.6699181066430727e+37,0.9999999999938631,1.0,0.8607
2.3000000000000003,0.45999999999999996,-0.019412594337379695,-0.019412594337379768,3.708663242017672e-09,4285355710440.177,1.6696996983968798e+38,0.9999999999995466,1.0,0.9004
2.35,0.4699999999999999,-0.022793868500001056,-0.022793868500000924,1.2610975710729267e-10,638541411580.7388,1.0406914760357334e+39,0.9999999999999754,1.0,0.9302
2.4000000000000004,0.48,-0.026345334297051524,-0.02634533429705141,3.6171514321557543e-12,81734446231.0854,6.464785926914944e+39,0.9999999999999988,1.0,0.9532
2.45,0.48999999999999994,-0.03007214933108573,-0.030072149331085596,8.706257071958527e-14,8948414112.942057,4.002580858073776e+40,1.0,1.0,0.9679
2.5,0.4999999999999999,-0.03397980735907932,-0.033979807359079434,1.74886854974125e-15,834062676.8593454,2.4699329180055274e+41,1.0,1.0,0.976
