scenario,sigma_p,rule,lambda,mean_c,mean_c2,var_c_empirical,var_c_linear,fraction_f_hat_zero,median_growth_rate,median_drawdown,fraction_below_start
base,,overestimation_10pct,1.0,,,,,,0.012314049634173806,0.9996918529902812,0.1173
base,,underestimation_10pct,1.0,,,,,,0.012823981106056414,0.6347493395244432,0.0
subtle,,overestimation_10pct,1.0,,,,,,-0.004371409240383861,0.9814565809922484,0.7217
subtle,,underestimation_10pct,1.0,,,,,,0.0,0.0,0.0
base,0.015,lambda_star,0.9779918804112502,0.9999877719005451,1.0224789205425524,0.022503376591935707,0.022500000000000006,0.0,0.0196432725150079,0.9637059287594616,0.0007
base,0.015,ratio_moments,0.9780033131342474,0.9999877719005451,1.0224789205425524,0.022503376591935707,0.022500000000000006,0.0,0.019643269794027356,0.9637077565879928,0.0007
base,0.015,lambda_linear,0.9779951100244499,0.9999877719005451,1.0224789205425524,0.022503376591935707,0.022500000000000006,0.0,0.019643271746935326,0.963706445108294,0.0007
base,0.015,quarter_kelly,0.25,0.9999877719005451,1.0224789205425524,0.022503376591935707,0.022500000000000006,0.0,0.008717398305935202,0.45601450315060704,0.0
base,0.015,half_kelly,0.5,0.9999877719005451,1.0224789205425524,0.022503376591935707,0.022500000000000006,0.0,0.014906329683912468,0.7386727068678915,0.0
base,0.015,full_kelly,1.0,0.9999877719005451,1.0224789205425524,0.022503376591935707,0.022500000000000006,0.0,0.01963040907343912,0.9677483447858608,0.001
base,0.015,plugin,,0.9999877719005451,1.0224789205425524,0.022503376591935707,0.022500000000000006,0.0,0.019595918766100284,0.963887035334432,0.0007
base,0.0283,lambda_star,0.9258645606171432,0.9999907401367767,1.0800530615994761,0.08007158124017758,0.08008900000000002,0.0002028,0.018562258576581926,0.9619436260671518,0.0011
base,0.0283,ratio_moments,0.925871862865577,0.9999907401367767,1.0800530615994761,0.08007158124017758,0.08008900000000002,0.0002028,0.018562256852930517,0.9619452387766567,0.0011
base,0.0283,lambda_linear,0.925849629058346,0.9999907401367767,1.0800530615994761,0.08007158124017758,0.08008900000000002,0.0002028,0.018562262093462786,0.9619399319915359,0.0011
base,0.0283,quarter_kelly,0.25,0.9999907401367767,1.0800530615994761,0.08007158124017758,0.08008900000000002,0.0002028,0.008648485490063767,0.4716762332662816,0.0
base,0.0283,half_kelly,0.5,0.9999907401367767,1.0800530615994761,0.08007158124017758,0.08008900000000002,0.0002028,0.014632020252490033,0.7578932225716009,0.0
base,0.0283,full_kelly,1.0,0.9999907401367767,1.0800530615994761,0.08007158124017758,0.08008900000000002,0.0002028,0.018418453129494805,0.9751850093999361,0.0027
base,0.0283,plugin,,0.9999907401367767,1.0800530615994761,0.08007158124017758,0.08008900000000002,0.0002028,0.018069886290800093,0.9652233055776617,0.0014
base,0.045,lambda_star,0.8348533882138353,1.0020222769683664,1.2018637499028322,0.19781510636196267,0.20250000000000007,0.0130977,0.016728688877735758,0.95931690605746,0.0021
base,0.045,ratio_moments,0.8337236871062776,1.0020222769683664,1.2018637499028322,0.19781510636196267,0.20250000000000007,0.0130977,0.01672931627174146,0.9590279701866338,0.0021
base,0.045,lambda_linear,0.8316008316008315,1.0020222769683664,1.2018637499028322,0.19781510636196267,0.20250000000000007,0.0130977,0.016730314622977666,0.9585774802658018,0.0019
base,0.045,quarter_kelly,0.25,1.0020222769683664,1.2018637499028322,0.19781510636196267,0.20250000000000007,0.0130977,0.008522879959235995,0.5028045959693919,0.0
base,0.045,half_kelly,0.5,1.0020222769683664,1.2018637499028322,0.19781510636196267,0.20250000000000007,0.0130977,0.01406666293944568,0.7930400242581472,0.0
base,0.045,full_kelly,1.0,1.0020222769683664,1.2018637499028322,0.19781510636196267,0.20250000000000007,0.0130977,0.015931459223896282,0.9867760816127547,0.0133
base,0.045,plugin,,1.0020222769683664,1.2018637499028322,0.19781510636196267,0.20250000000000007,0.0130977,0.015005710564996921,0.9741105728499986,0.0086
subtle,0.015,lambda_star,0.6764739724687,1.0318676987950421,1.5430044220051473,0.4782534741885717,0.562499999999999,0.09124131578947368,0.0005947971032211724,0.47105518540608715,0.3675
subtle,0.015,ratio_moments,0.6687393011188661,1.0318676987950421,1.5430044220051473,0.4782534741885717,0.562499999999999,0.09124131578947368,0.000594727642346235,0.4666591575521871,0.3661
subtle,0.015,lambda_linear,0.6400000000000003,1.0318676987950421,1.5430044220051473,0.4782534741885717,0.562499999999999,0.09124131578947368,0.000591765618542985,0.4504838860665645,0.3608
subtle,0.015,quarter_kelly,0.25,1.0318676987950421,1.5430044220051473,0.4782534741885717,0.562499999999999,0.09124131578947368,0.0003503288432955308,0.19740017450060454,0.297
subtle,0.015,half_kelly,0.5,1.0318676987950421,1.5430044220051473,0.4782534741885717,0.562499999999999,0.09124131578947368,0.0005474124205237257,0.3673151248777592,0.3373
subtle,0.015,full_kelly,1.0,1.0318676987950421,1.5430044220051473,0.4782534741885717,0.562499999999999,0.09124131578947368,0.00047915153632735843,0.630045190052889,0.4295
subtle,0.015,plugin,,1.0318676987950421,1.5430044220051473,0.4782534741885717,0.562499999999999,0.09124131578947368,0.0004371659720808917,0.5480766740466404,0.4171
subtle,0.0283,lambda_star,0.43827540575084273,1.1999950932509884,2.7216585773951687,1.2816703535687208,2.002224999999996,0.23972947368421052,0.00045069099424598373,0.4220910479791703,0.3808
subtle,0.0283,ratio_moments,0.44090581501206283,1.1999950932509884,2.7216585773951687,1.2816703535687208,2.002224999999996,0.23972947368421052,0.00045088429511534506,0.4240979247653353,0.3811
subtle,0.0283,lambda_linear,0.3330862943317044,1.1999950932509884,2.7216585773951687,1.2816703535687208,2.002224999999996,0.23972947368421052,0.0004195859480791645,0.3343450562724831,0.3551
subtle,0.0283,quarter_kelly,0.25,1.1999950932509884,2.7216585773951687,1.2816703535687208,2.002224999999996,0.23972947368421052,0.00035941207048719045,0.25870813600167814,0.337
subtle,0.0283,half_kelly,0.5,1.1999950932509884,2.7216585773951687,1.2816703535687208,2.002224999999996,0.23972947368421052,0.0004466641459152854,0.4697324791813913,0.398
subtle,0.0283,full_kelly,1.0,1.1999950932509884,2.7216585773951687,1.2816703535687208,2.002224999999996,0.23972947368421052,-0.000193005561518095,0.7600015223240479,0.523
subtle,0.0283,plugin,,1.1999950932509884,2.7216585773951687,1.2816703535687208,2.002224999999996,0.23972947368421052,2.0324432432897444e-05,0.6449862159556186,0.497
subtle,0.045,lambda_star,0.27178259274623356,1.4849269046359679,4.884419422229004,2.679411510117247,5.06249999999999,0.32817315789473683,0.00038087904291183986,0.3633286196910123,0.3811
subtle,0.045,ratio_moments,0.30401298010528377,1.4849269046359679,4.884419422229004,2.679411510117247,5.06249999999999,0.32817315789473683,0.00038791190173077014,0.3994496305063655,0.3922
subtle,0.045,lambda_linear,0.1649484536082477,1.4849269046359679,4.884419422229004,2.679411510117247,5.06249999999999,0.32817315789473683,0.0002994361144902834,0.23289174030781762,0.3426
subtle,0.045,quarter_kelly,0.25,1.4849269046359679,4.884419422229004,2.679411510117247,5.06249999999999,0.32817315789473683,0.00037175840592932664,0.3381663453787205,0.3742
subtle,0.045,half_kelly,0.5,1.4849269046359679,4.884419422229004,2.679411510117247,5.06249999999999,0.32817315789473683,0.0002515460545978354,0.5890954006569368,0.4566
subtle,0.045,full_kelly,1.0,1.4849269046359679,4.884419422229004,2.679411510117247,5.06249999999999,0.32817315789473683,-0.0014913632499954324,0.8789971062472537,0.6296
subtle,0.045,plugin,,1.4849269046359679,4.884419422229004,2.679411510117247,5.06249999999999,0.32817315789473683,-0.000599876328968686,0.7631679200243379,0.5732
