level,category,n_outcomes,matches_used,matches_excluded,additive_nan_matches,mean_overround,mean_q_proportional,mean_q_additive,mean_q_power,mean_spread_pts,p99_spread_pts,max_spread_pts,mean_relative_spread,max_spread_ratio_to_edge,p99_spread_ratio_to_edge,max_abs_sum_error_proportional,max_abs_sum_error_additive,max_abs_sum_error_power
bin,"[1, 1.5)",1666,,,,,0.7331950807207577,0.753744506661563,0.7564724426215664,2.327736190080865,4.833658079314935,6.289849560202776,0.0310869179369249,,,,,
bin,"[1.5, 2)",2798,,,,,0.5539655586214848,0.5660302523517856,0.5666715802615783,1.2706025918394843,2.976357792528772,4.51682423000237,0.02249382979177022,,,,,
bin,"[2, 3)",4606,,,,,0.39685219907566555,0.40018249031808195,0.40011269957226436,0.34610641541409076,1.111496773702958,1.4532416139799942,0.008164013474603226,,,,,
bin,"[3, 5)",10522,,,,,0.2655670539312544,0.26181597498045245,0.26129550716573496,0.43767018181660455,1.5602370205989369,2.8801803741268865,0.01808130845745255,,,,,
bin,"[5, 10)",3356,,,,,0.15315453631739137,0.14380071613370138,0.1430314304214507,1.0963190675461256,2.6728749039865156,3.6595536718753428,0.08114329351272563,,,,,
bin,"[10, inf)",992,,,,,0.07290016956447948,0.06032818883813743,0.06238500796217069,1.2837310821442456,2.805775142731666,3.0573126510942705,0.22164889638964083,,,,,
season,2000-01,,0,380,0,,,,,,,,,,,,,
season,2002-03,,380,0,0,0.11595510589456916,,,,,,,,,,,,
season,2003-04,,380,0,0,0.08681628669437315,,,,,,,,,,,,
season,2004-05,,380,0,0,0.07859022644867136,,,,,,,,,,,,
season,2005-06,,380,0,0,0.07909169185917744,,,,,,,,,,,,
season,2006-07,,380,0,0,0.0795143480853509,,,,,,,,,,,,
season,2007-08,,380,0,0,0.05989857888660292,,,,,,,,,,,,
season,2008-09,,380,0,0,0.053107973368226695,,,,,,,,,,,,
season,2009-10,,380,0,0,0.054379338718311694,,,,,,,,,,,,
season,2010-11,,380,0,0,0.05449387559276878,,,,,,,,,,,,
season,2011-12,,380,0,0,0.05462732785898724,,,,,,,,,,,,
season,2012-13,,380,0,0,0.04111289626341133,,,,,,,,,,,,
season,2013-14,,380,0,0,0.02615017037528331,,,,,,,,,,,,
season,2014-15,,380,0,0,0.026682098618417652,,,,,,,,,,,,
season,2015-16,,380,0,0,0.027652786046021675,,,,,,,,,,,,
season,2016-17,,380,0,0,0.029497645472619842,,,,,,,,,,,,
season,2017-18,,380,0,0,0.03105267456486627,,,,,,,,,,,,
season,2018-19,,380,0,0,0.027788326554308962,,,,,,,,,,,,
season,2019-20,,380,0,0,0.053089777728441805,,,,,,,,,,,,
season,2020-21,,380,0,0,0.0544752084488666,,,,,,,,,,,,
season,2021-22,,380,0,0,0.05409998632020529,,,,,,,,,,,,
season,2022-23,,380,0,0,0.05370701630050654,,,,,,,,,,,,
overall,all,,7980,380,0,0.0543706352428566,,,,,3.451306751107337,6.289849560202776,,3.144924780101388,1.7256533755536685,2.220446049250313e-16,2.220446049250313e-16,8.837375276016246e-14
