row_type,season,fit_through,agent,kappa,final_log_wealth,n_bets,n_alarms,max_drawdown
season,2002-03,2000-01,reference,1.0,-0.3235584500875201,209,,0.4445451610555712
season,2002-03,2000-01,d_adwin,1.0,-0.3235584500875201,209,0,0.4445451610555712
season,2002-03,2000-01,d_page_hinkley,1.0,-0.3235584500875201,209,0,0.4445451610555712
season,2003-04,2000-01,reference,1.0,-0.5141178115370587,255,,0.4315858811016894
season,2003-04,2000-01,d_adwin,1.0,-0.5141178115370587,255,0,0.4315858811016894
season,2003-04,2000-01,d_page_hinkley,1.0,-0.5141178115370587,255,1,0.4315858811016894
season,2004-05,2000-01,reference,1.0,-0.5371053166036113,283,,0.5424938178300946
season,2004-05,2000-01,d_adwin,1.0,-0.5371053166036113,283,0,0.5424938178300946
season,2004-05,2000-01,d_page_hinkley,1.0,-0.5371053166036113,283,1,0.5424938178300946
season,2005-06,2000-01,reference,1.0,0.15301863266167876,285,,0.37546295540324104
season,2005-06,2000-01,d_adwin,1.0,0.15301863266167876,285,0,0.37546295540324104
season,2005-06,2000-01,d_page_hinkley,1.0,0.15301863266167876,285,2,0.37546295540324104
season,2006-07,2000-01,reference,1.0,-0.0642763158311106,287,,0.4556934670044944
season,2006-07,2000-01,d_adwin,1.0,-0.0642763158311106,287,0,0.4556934670044944
season,2006-07,2000-01,d_page_hinkley,1.0,-0.0642763158311106,287,1,0.4556934670044944
season,2007-08,2000-01,reference,1.0,-1.3563747579892005,309,,0.7424070770087041
season,2007-08,2000-01,d_adwin,1.0,-1.3563747579892005,309,0,0.7424070770087041
season,2007-08,2000-01,d_page_hinkley,1.0,-1.3563747579892005,309,0,0.7424070770087041
season,2008-09,2000-01,reference,1.0,0.06378177867925303,303,,0.59715093697094
season,2008-09,2000-01,d_adwin,1.0,0.06378177867925303,303,0,0.59715093697094
season,2008-09,2000-01,d_page_hinkley,1.0,0.06378177867925303,303,3,0.59715093697094
season,2009-10,2000-01,reference,1.0,-0.7228293750623764,331,,0.5925037217597877
season,2009-10,2000-01,d_adwin,1.0,-0.7228293750623764,331,0,0.5925037217597877
season,2009-10,2000-01,d_page_hinkley,1.0,-0.7228293750623764,331,2,0.5925037217597877
season,2011-12,2010-11,reference,1.0,-0.17766629373184867,332,,0.655849614580787
season,2011-12,2010-11,d_adwin,1.0,-0.17766629373184867,332,0,0.655849614580787
season,2011-12,2010-11,d_page_hinkley,1.0,-0.17766629373184867,332,2,0.655849614580787
season,2012-13,2010-11,reference,1.0,-1.2361719432574352,363,,0.7410904524859236
season,2012-13,2010-11,d_adwin,1.0,-1.2361719432574352,363,0,0.7410904524859236
season,2012-13,2010-11,d_page_hinkley,1.0,-1.2361719432574352,363,0,0.7410904524859236
season,2013-14,2010-11,reference,1.0,-0.40662178368878343,371,,0.5678579865729839
season,2013-14,2010-11,d_adwin,1.0,-0.40662178368878343,371,0,0.5678579865729839
season,2013-14,2010-11,d_page_hinkley,1.0,-0.40662178368878343,371,0,0.5678579865729839
season,2014-15,2010-11,reference,1.0,-0.7493226805625359,367,,0.5277062929812412
season,2014-15,2010-11,d_adwin,1.0,-0.7493226805625359,367,0,0.5277062929812412
season,2014-15,2010-11,d_page_hinkley,1.0,-0.7493226805625359,367,2,0.5277062929812412
season,2015-16,2010-11,reference,1.0,-0.9865808603021698,371,,0.6759865742698881
season,2015-16,2010-11,d_adwin,1.0,-0.9865808603021698,371,0,0.6759865742698881
season,2015-16,2010-11,d_page_hinkley,1.0,-0.9865808603021698,371,2,0.6759865742698881
season,2016-17,2010-11,reference,1.0,-0.0023022053801804235,368,,0.5686335236312174
season,2016-17,2010-11,d_adwin,1.0,-0.0023022053801804235,368,0,0.5686335236312174
season,2016-17,2010-11,d_page_hinkley,1.0,-0.0023022053801804235,368,1,0.5686335236312174
season,2017-18,2010-11,reference,1.0,-0.11193585994091122,368,,0.5764434313012439
season,2017-18,2010-11,d_adwin,1.0,-0.11193585994091122,368,0,0.5764434313012439
season,2017-18,2010-11,d_page_hinkley,1.0,-0.11193585994091122,368,0,0.5764434313012439
season,2018-19,2010-11,reference,1.0,-0.8658984445345912,376,,0.6521120226288812
season,2018-19,2010-11,d_adwin,1.0,-0.8658984445345912,376,0,0.6521120226288812
season,2018-19,2010-11,d_page_hinkley,1.0,-0.8658984445345912,376,2,0.6521120226288812
season,2019-20,2010-11,reference,1.0,-0.24111020703171182,363,,0.703420489777979
season,2019-20,2010-11,d_adwin,1.0,-0.24111020703171182,363,0,0.703420489777979
season,2019-20,2010-11,d_page_hinkley,1.0,-0.24111020703171182,363,0,0.703420489777979
season,2021-22,2020-21,reference,1.0,-1.35798262867188,347,,0.7736616855851173
season,2021-22,2020-21,d_adwin,1.0,-1.35798262867188,347,0,0.7736616855851173
season,2021-22,2020-21,d_page_hinkley,1.0,-1.35798262867188,347,1,0.7736616855851173
season,2022-23,2020-21,reference,1.0,-1.142961532051856,346,,0.7640847445190521
season,2022-23,2020-21,d_adwin,1.0,-1.142961532051856,346,0,0.7640847445190521
season,2022-23,2020-21,d_page_hinkley,1.0,-1.142961532051856,346,0,0.7640847445190521
total,,,reference,1.0,-10.58001605492385,6234,,
total,,,d_adwin,1.0,-10.58001605492385,6234,0,
total,,,d_page_hinkley,1.0,-10.58001605492385,6234,20,
