design,phi,method,block_length,n_series,rejections,rejection_rate,critical_value_mean,mc_lower_99,mc_upper_99
contiguous_2,0.0,nominal,,1000,37,0.037,3.866176954321902,0.0322461452073078,0.0677538547926922
contiguous_2,0.3,nominal,,1000,149,0.149,3.866176954321902,0.0322461452073078,0.0677538547926922
contiguous_2,0.5,nominal,,1000,253,0.253,3.866176954321902,0.0322461452073078,0.0677538547926922
contiguous_2,0.7,nominal,,1000,399,0.399,3.866176954321902,0.0322461452073078,0.0677538547926922
contiguous_38,0.0,nominal,,1000,44,0.044,1.445838076487165,0.0322461452073078,0.0677538547926922
contiguous_38,0.3,nominal,,1000,843,0.843,1.445838076487165,0.0322461452073078,0.0677538547926922
contiguous_38,0.5,nominal,,1000,999,0.999,1.445838076487165,0.0322461452073078,0.0677538547926922
contiguous_38,0.7,nominal,,1000,1000,1.0,1.445838076487165,0.0322461452073078,0.0677538547926922
random_2,0.0,nominal,,1000,58,0.058,3.866176954321902,0.0322461452073078,0.0677538547926922
random_2,0.3,nominal,,1000,35,0.035,3.866176954321902,0.0322461452073078,0.0677538547926922
random_2,0.5,nominal,,1000,48,0.048,3.866176954321902,0.0322461452073078,0.0677538547926922
random_2,0.7,nominal,,1000,45,0.045,3.866176954321902,0.0322461452073078,0.0677538547926922
contiguous_2,0.0,block_bootstrap,7,1000,35,0.035,3.8062746611125413,0.0322461452073078,0.0677538547926922
contiguous_2,0.3,block_bootstrap,7,1000,61,0.061,6.394520725856084,0.0322461452073078,0.0677538547926922
contiguous_2,0.5,block_bootstrap,7,1000,73,0.073,9.324561839898104,0.0322461452073078,0.0677538547926922
contiguous_2,0.7,block_bootstrap,7,1000,108,0.108,13.96560754249277,0.0322461452073078,0.0677538547926922
contiguous_2,0.0,block_bootstrap,20,1000,29,0.029,3.6666549275398057,0.0322461452073078,0.0677538547926922
contiguous_2,0.3,block_bootstrap,20,1000,57,0.057,6.593825747409302,0.0322461452073078,0.0677538547926922
contiguous_2,0.5,block_bootstrap,20,1000,52,0.052,10.312777078163315,0.0322461452073078,0.0677538547926922
contiguous_2,0.7,block_bootstrap,20,1000,65,0.065,18.129034420820982,0.0322461452073078,0.0677538547926922
contiguous_2,0.0,block_bootstrap,40,1000,32,0.032,3.4585874705364317,0.0322461452073078,0.0677538547926922
contiguous_2,0.3,block_bootstrap,40,1000,49,0.049,6.356105610875132,0.0322461452073078,0.0677538547926922
contiguous_2,0.5,block_bootstrap,40,1000,42,0.042,9.945032646037035,0.0322461452073078,0.0677538547926922
contiguous_2,0.7,block_bootstrap,40,1000,56,0.056,18.64000097041012,0.0322461452073078,0.0677538547926922
