row_type,season,role,fit_through,statistic,df,method,block_length,lm_stat,p_value_nom,threshold_nom,reject_nom,threshold_L7,reject_L7,threshold_L20,reject_L20,threshold_L40,reject_L40,calibrated_threshold,verif_rejection_rate_calib,verif_rejection_rate_nom,n_validation_rejections,p_value_binomial
scenario,2000-01,training,2000-01,bp_joint,2,,,78.42477827398665,9.338471023874538e-18,5.991464547107979,True,132.27318506393226,False,137.3464223805397,False,131.21055583447392,False,,,,,
scenario,2000-01,training,2000-01,bp_time,1,,,1.5557151121596235,0.21229371475839318,3.841458820694124,False,4.201001949943253,False,3.090149601220764,False,3.4865686423157305,False,,,,,
scenario,2000-01,training,2000-01,white,5,,,97.03086871781032,2.2312860411386515e-19,11.070497693516351,True,146.0612240659586,False,148.0371446265638,False,142.5327780548459,False,,,,,
scenario,2002-03,validation,2000-01,bp_joint,2,,,69.49331435182442,8.12303872993657e-16,5.991464547107979,True,132.27318506393226,False,137.3464223805397,False,131.21055583447392,False,,,,,
scenario,2002-03,validation,2000-01,bp_time,1,,,0.6235828509867303,0.4297189838879145,3.841458820694124,False,4.201001949943253,False,3.090149601220764,False,3.4865686423157305,False,,,,,
scenario,2002-03,validation,2000-01,white,5,,,71.71956207760297,4.4937273176029553e-14,11.070497693516351,True,146.0612240659586,False,148.0371446265638,False,142.5327780548459,False,,,,,
scenario,2003-04,validation,2000-01,bp_joint,2,,,67.43121902582287,2.2777016402078274e-15,5.991464547107979,True,132.27318506393226,False,137.3464223805397,False,131.21055583447392,False,,,,,
scenario,2003-04,validation,2000-01,bp_time,1,,,0.03261779306013679,0.8566784415186541,3.841458820694124,False,4.201001949943253,False,3.090149601220764,False,3.4865686423157305,False,,,,,
scenario,2003-04,validation,2000-01,white,5,,,72.97141677199237,2.464537674197772e-14,11.070497693516351,True,146.0612240659586,False,148.0371446265638,False,142.5327780548459,False,,,,,
scenario,2004-05,validation,2000-01,bp_joint,2,,,133.48880544216755,1.0310368802603125e-29,5.991464547107979,True,132.27318506393226,True,137.3464223805397,False,131.21055583447392,True,,,,,
scenario,2004-05,validation,2000-01,bp_time,1,,,0.06360483938180561,0.8008864790220044,3.841458820694124,False,4.201001949943253,False,3.090149601220764,False,3.4865686423157305,False,,,,,
scenario,2004-05,validation,2000-01,white,5,,,136.90309667560408,8.14311526213729e-28,11.070497693516351,True,146.0612240659586,False,148.0371446265638,False,142.5327780548459,False,,,,,
scenario,2005-06,validation,2000-01,bp_joint,2,,,41.295787805947626,1.0782851271826022e-09,5.991464547107979,True,132.27318506393226,False,137.3464223805397,False,131.21055583447392,False,,,,,
scenario,2005-06,validation,2000-01,bp_time,1,,,0.1711408365888456,0.6790998940711643,3.841458820694124,False,4.201001949943253,False,3.090149601220764,False,3.4865686423157305,False,,,,,
scenario,2005-06,validation,2000-01,white,5,,,44.842781490537206,1.561670409482965e-08,11.070497693516351,True,146.0612240659586,False,148.0371446265638,False,142.5327780548459,False,,,,,
scenario,2006-07,validation,2000-01,bp_joint,2,,,67.7297476844286,1.9618787355750252e-15,5.991464547107979,True,132.27318506393226,False,137.3464223805397,False,131.21055583447392,False,,,,,
scenario,2006-07,validation,2000-01,bp_time,1,,,1.802008433433735,0.17946987459759206,3.841458820694124,False,4.201001949943253,False,3.090149601220764,False,3.4865686423157305,False,,,,,
scenario,2006-07,validation,2000-01,white,5,,,93.62275929927146,1.1636104183213627e-18,11.070497693516351,True,146.0612240659586,False,148.0371446265638,False,142.5327780548459,False,,,,,
scenario,2007-08,validation,2000-01,bp_joint,2,,,48.21828514171004,3.384795368431593e-11,5.991464547107979,True,132.27318506393226,False,137.3464223805397,False,131.21055583447392,False,,,,,
scenario,2007-08,validation,2000-01,bp_time,1,,,1.5966012808460106,0.2063855245595053,3.841458820694124,False,4.201001949943253,False,3.090149601220764,False,3.4865686423157305,False,,,,,
scenario,2007-08,validation,2000-01,white,5,,,60.2561756079589,1.0759609701096957e-11,11.070497693516351,True,146.0612240659586,False,148.0371446265638,False,142.5327780548459,False,,,,,
scenario,2008-09,validation,2000-01,bp_joint,2,,,75.1627122727744,4.7711646881134893e-17,5.991464547107979,True,132.27318506393226,False,137.3464223805397,False,131.21055583447392,False,,,,,
scenario,2008-09,validation,2000-01,bp_time,1,,,6.426390544373883,0.011243684538473067,3.841458820694124,True,4.201001949943253,True,3.090149601220764,True,3.4865686423157305,True,,,,,
scenario,2008-09,validation,2000-01,white,5,,,100.24781695021275,4.686244293995854e-20,11.070497693516351,True,146.0612240659586,False,148.0371446265638,False,142.5327780548459,False,,,,,
scenario,2009-10,validation,2000-01,bp_joint,2,,,22.24721894682976,1.4759708719839677e-05,5.991464547107979,True,132.27318506393226,False,137.3464223805397,False,131.21055583447392,False,,,,,
scenario,2009-10,validation,2000-01,bp_time,1,,,1.693512492568694,0.19313859180733522,3.841458820694124,False,4.201001949943253,False,3.090149601220764,False,3.4865686423157305,False,,,,,
scenario,2009-10,validation,2000-01,white,5,,,42.93680679865131,3.805669026180344e-08,11.070497693516351,True,146.0612240659586,False,148.0371446265638,False,142.5327780548459,False,,,,,
scenario,2010-11,training,2010-11,bp_joint,2,,,73.3369048143432,1.1887580191629695e-16,5.991464547107979,True,121.69045797878204,False,126.02607919043973,False,126.7658110155042,False,,,,,
scenario,2010-11,training,2010-11,bp_time,1,,,1.4464904035105608,0.22909193284999685,3.841458820694124,False,3.8969706558925665,False,2.9093035220578023,False,3.0960246744188025,False,,,,,
scenario,2010-11,training,2010-11,white,5,,,79.86567352415354,8.952768256706645e-16,11.070497693516351,True,134.11376604929555,False,133.93519640531267,False,134.12434308349674,False,,,,,
scenario,2011-12,validation,2010-11,bp_joint,2,,,59.401609509018115,1.2621308639362204e-13,5.991464547107979,True,121.69045797878204,False,126.02607919043973,False,126.7658110155042,False,,,,,
scenario,2011-12,validation,2010-11,bp_time,1,,,0.728564867686754,0.39334876659973494,3.841458820694124,False,3.8969706558925665,False,2.9093035220578023,False,3.0960246744188025,False,,,,,
scenario,2011-12,validation,2010-11,white,5,,,70.13699558327227,9.596765133038368e-14,11.070497693516351,True,134.11376604929555,False,133.93519640531267,False,134.12434308349674,False,,,,,
scenario,2012-13,validation,2010-11,bp_joint,2,,,27.999170532064632,8.318736538316151e-07,5.991464547107979,True,121.69045797878204,False,126.02607919043973,False,126.7658110155042,False,,,,,
scenario,2012-13,validation,2010-11,bp_time,1,,,0.4405412629919092,0.5068613264135029,3.841458820694124,False,3.8969706558925665,False,2.9093035220578023,False,3.0960246744188025,False,,,,,
scenario,2012-13,validation,2010-11,white,5,,,42.853720961343875,3.956110832153182e-08,11.070497693516351,True,134.11376604929555,False,133.93519640531267,False,134.12434308349674,False,,,,,
scenario,2013-14,validation,2010-11,bp_joint,2,,,66.74186957136234,3.2150458190273704e-15,5.991464547107979,True,121.69045797878204,False,126.02607919043973,False,126.7658110155042,False,,,,,
scenario,2013-14,validation,2010-11,bp_time,1,,,0.10547202116333532,0.7453592668222684,3.841458820694124,False,3.8969706558925665,False,2.9093035220578023,False,3.0960246744188025,False,,,,,
scenario,2013-14,validation,2010-11,white,5,,,67.79557701284246,2.944900665633002e-13,11.070497693516351,True,134.11376604929555,False,133.93519640531267,False,134.12434308349674,False,,,,,
scenario,2014-15,validation,2010-11,bp_joint,2,,,75.58883195741676,3.8556152884972566e-17,5.991464547107979,True,121.69045797878204,False,126.02607919043973,False,126.7658110155042,False,,,,,
scenario,2014-15,validation,2010-11,bp_time,1,,,6.236320349684021e-05,0.9936991410808562,3.841458820694124,False,3.8969706558925665,False,2.9093035220578023,False,3.0960246744188025,False,,,,,
scenario,2014-15,validation,2010-11,white,5,,,90.21407790534748,6.058325516298296e-18,11.070497693516351,True,134.11376604929555,False,133.93519640531267,False,134.12434308349674,False,,,,,
scenario,2015-16,validation,2010-11,bp_joint,2,,,119.88951455004982,9.253855132813207e-27,5.991464547107979,True,121.69045797878204,False,126.02607919043973,False,126.7658110155042,False,,,,,
scenario,2015-16,validation,2010-11,bp_time,1,,,4.213890682011325,0.04009427469414034,3.841458820694124,True,3.8969706558925665,True,2.9093035220578023,True,3.0960246744188025,True,,,,,
scenario,2015-16,validation,2010-11,white,5,,,130.89840445093117,1.5342911764430404e-26,11.070497693516351,True,134.11376604929555,False,133.93519640531267,False,134.12434308349674,False,,,,,
scenario,2016-17,validation,2010-11,bp_joint,2,,,48.39903530283418,3.092309960064656e-11,5.991464547107979,True,121.69045797878204,False,126.02607919043973,False,126.7658110155042,False,,,,,
scenario,2016-17,validation,2010-11,bp_time,1,,,0.0861891112564539,0.7690789971952797,3.841458820694124,False,3.8969706558925665,False,2.9093035220578023,False,3.0960246744188025,False,,,,,
scenario,2016-17,validation,2010-11,white,5,,,49.61049309792412,1.6648904106281624e-09,11.070497693516351,True,134.11376604929555,False,133.93519640531267,False,134.12434308349674,False,,,,,
scenario,2017-18,validation,2010-11,bp_joint,2,,,47.90783516954068,3.953172567434111e-11,5.991464547107979,True,121.69045797878204,False,126.02607919043973,False,126.7658110155042,False,,,,,
scenario,2017-18,validation,2010-11,bp_time,1,,,0.054812093012315266,0.8148919545399005,3.841458820694124,False,3.8969706558925665,False,2.9093035220578023,False,3.0960246744188025,False,,,,,
scenario,2017-18,validation,2010-11,white,5,,,53.46288451184485,2.702177916572161e-10,11.070497693516351,True,134.11376604929555,False,133.93519640531267,False,134.12434308349674,False,,,,,
scenario,2018-19,validation,2010-11,bp_joint,2,,,34.995831295089964,2.5162384213400155e-08,5.991464547107979,True,121.69045797878204,False,126.02607919043973,False,126.7658110155042,False,,,,,
scenario,2018-19,validation,2010-11,bp_time,1,,,2.20782802388495,0.1373118750679083,3.841458820694124,False,3.8969706558925665,False,2.9093035220578023,False,3.0960246744188025,False,,,,,
scenario,2018-19,validation,2010-11,white,5,,,40.90006850868958,9.829184064301996e-08,11.070497693516351,True,134.11376604929555,False,133.93519640531267,False,134.12434308349674,False,,,,,
scenario,2019-20,validation,2010-11,bp_joint,2,,,48.48940174426906,2.955698939974722e-11,5.991464547107979,True,121.69045797878204,False,126.02607919043973,False,126.7658110155042,False,,,,,
scenario,2019-20,validation,2010-11,bp_time,1,,,2.2959130598622735,0.12971491116074757,3.841458820694124,False,3.8969706558925665,False,2.9093035220578023,False,3.0960246744188025,False,,,,,
scenario,2019-20,validation,2010-11,white,5,,,67.76147847660202,2.9933454744351547e-13,11.070497693516351,True,134.11376604929555,False,133.93519640531267,False,134.12434308349674,False,,,,,
scenario,2020-21,training,2020-21,bp_joint,2,,,171.74281725565635,5.087695135704447e-38,5.991464547107979,True,195.94918376875427,False,189.19221417782597,False,188.6479908305263,False,,,,,
scenario,2020-21,training,2020-21,bp_time,1,,,0.39266657566329854,0.5309010563238967,3.841458820694124,False,3.640416238904194,False,3.1657669273346523,False,4.374478584437966,False,,,,,
scenario,2020-21,training,2020-21,white,5,,,173.49437547470637,1.3104176302742077e-35,11.070497693516351,True,202.76808951345004,False,196.1136377257753,False,193.720985077735,False,,,,,
scenario,2021-22,validation,2020-21,bp_joint,2,,,41.895931156592376,7.98756016160223e-10,5.991464547107979,True,195.94918376875427,False,189.19221417782597,False,188.6479908305263,False,,,,,
scenario,2021-22,validation,2020-21,bp_time,1,,,0.0329160665029149,0.8560317566805569,3.841458820694124,False,3.640416238904194,False,3.1657669273346523,False,4.374478584437966,False,,,,,
scenario,2021-22,validation,2020-21,white,5,,,56.0244619906839,8.032846816313035e-11,11.070497693516351,True,202.76808951345004,False,196.1136377257753,False,193.720985077735,False,,,,,
scenario,2022-23,validation,2020-21,bp_joint,2,,,82.36738203609559,1.3006194563309101e-18,5.991464547107979,True,195.94918376875427,False,189.19221417782597,False,188.6479908305263,False,,,,,
scenario,2022-23,validation,2020-21,bp_time,1,,,0.012110489339605124,0.91237157047476,3.841458820694124,False,3.640416238904194,False,3.1657669273346523,False,4.374478584437966,False,,,,,
scenario,2022-23,validation,2020-21,white,5,,,85.10475807669032,7.156545482194539e-17,11.070497693516351,True,202.76808951345004,False,196.1136377257753,False,193.720985077735,False,,,,,
verification,,,2000-01,bp_joint,2,block_bootstrap,7,,,5.991464547107979,,,,,,,,132.27318506393226,0.059,1.0,,
verification,,,2000-01,bp_time,1,block_bootstrap,7,,,3.841458820694124,,,,,,,,4.201001949943253,0.028,0.033,,
verification,,,2000-01,white,5,block_bootstrap,7,,,11.070497693516351,,,,,,,,146.0612240659586,0.053,1.0,,
verification,,,2000-01,bp_joint,2,block_bootstrap,20,,,5.991464547107979,,,,,,,,137.3464223805397,0.037,1.0,,
verification,,,2000-01,bp_time,1,block_bootstrap,20,,,3.841458820694124,,,,,,,,3.090149601220764,0.038,0.028,,
verification,,,2000-01,white,5,block_bootstrap,20,,,11.070497693516351,,,,,,,,148.0371446265638,0.045,1.0,,
verification,,,2000-01,bp_joint,2,block_bootstrap,40,,,5.991464547107979,,,,,,,,131.21055583447392,0.05,1.0,,
verification,,,2000-01,bp_time,1,block_bootstrap,40,,,3.841458820694124,,,,,,,,3.4865686423157305,0.048,0.036,,
verification,,,2000-01,white,5,block_bootstrap,40,,,11.070497693516351,,,,,,,,142.5327780548459,0.047,1.0,,
verification,,,2010-11,bp_joint,2,block_bootstrap,7,,,5.991464547107979,,,,,,,,121.69045797878204,0.059,1.0,,
verification,,,2010-11,bp_time,1,block_bootstrap,7,,,3.841458820694124,,,,,,,,3.8969706558925665,0.045,0.047,,
verification,,,2010-11,white,5,block_bootstrap,7,,,11.070497693516351,,,,,,,,134.11376604929555,0.062,1.0,,
verification,,,2010-11,bp_joint,2,block_bootstrap,20,,,5.991464547107979,,,,,,,,126.02607919043973,0.042,1.0,,
verification,,,2010-11,bp_time,1,block_bootstrap,20,,,3.841458820694124,,,,,,,,2.9093035220578023,0.041,0.018,,
verification,,,2010-11,white,5,block_bootstrap,20,,,11.070497693516351,,,,,,,,133.93519640531267,0.045,1.0,,
verification,,,2010-11,bp_joint,2,block_bootstrap,40,,,5.991464547107979,,,,,,,,126.7658110155042,0.054,1.0,,
verification,,,2010-11,bp_time,1,block_bootstrap,40,,,3.841458820694124,,,,,,,,3.0960246744188025,0.052,0.02,,
verification,,,2010-11,white,5,block_bootstrap,40,,,11.070497693516351,,,,,,,,134.12434308349674,0.058,1.0,,
verification,,,2020-21,bp_joint,2,block_bootstrap,7,,,5.991464547107979,,,,,,,,195.94918376875427,0.042,1.0,,
verification,,,2020-21,bp_time,1,block_bootstrap,7,,,3.841458820694124,,,,,,,,3.640416238904194,0.05,0.044,,
verification,,,2020-21,white,5,block_bootstrap,7,,,11.070497693516351,,,,,,,,202.76808951345004,0.052,1.0,,
verification,,,2020-21,bp_joint,2,block_bootstrap,20,,,5.991464547107979,,,,,,,,189.19221417782597,0.047,1.0,,
verification,,,2020-21,bp_time,1,block_bootstrap,20,,,3.841458820694124,,,,,,,,3.1657669273346523,0.067,0.039,,
verification,,,2020-21,white,5,block_bootstrap,20,,,11.070497693516351,,,,,,,,196.1136377257753,0.048,1.0,,
verification,,,2020-21,bp_joint,2,block_bootstrap,40,,,5.991464547107979,,,,,,,,188.6479908305263,0.047,1.0,,
verification,,,2020-21,bp_time,1,block_bootstrap,40,,,3.841458820694124,,,,,,,,4.374478584437966,0.042,0.057,,
verification,,,2020-21,white,5,block_bootstrap,40,,,11.070497693516351,,,,,,,,193.720985077735,0.059,1.0,,
summary,,,,bp_joint,2,nominal,,,,,,,,,,,,,,,19,1.907348632812502e-25
summary,,,,bp_joint,2,bootstrap_L7,7,,,,,,,,,,,,,,1,0.6226463974646923
summary,,,,bp_joint,2,bootstrap_L20,20,,,,,,,,,,,,,,0,1.0
summary,,,,bp_joint,2,bootstrap_L40,40,,,,,,,,,,,,,,1,0.6226463974646923
summary,,,,bp_time,1,nominal,,,,,,,,,,,,,,,2,0.24529279492938452
summary,,,,bp_time,1,bootstrap_L7,7,,,,,,,,,,,,,,2,0.24529279492938452
summary,,,,bp_time,1,bootstrap_L20,20,,,,,,,,,,,,,,2,0.24529279492938452
summary,,,,bp_time,1,bootstrap_L40,40,,,,,,,,,,,,,,2,0.24529279492938452
summary,,,,white,5,nominal,,,,,,,,,,,,,,,19,1.907348632812502e-25
summary,,,,white,5,bootstrap_L7,7,,,,,,,,,,,,,,0,1.0
summary,,,,white,5,bootstrap_L20,20,,,,,,,,,,,,,,0,1.0
summary,,,,white,5,bootstrap_L40,40,,,,,,,,,,,,,,0,1.0
